Linguiça,Carne e produtos cárneos,437.0,39.0,13.4,15.4,4.5,3.9,0.1,0.0,0.0,0.0,0.0,0.0,21.5,7.28,0.0,0.085,0.0,0.0,0.0,3.0E-4,6.0E-4,2.5E-4,0.005,0.0096,0.0046,4.0E-4,0.0018,0.0,3.0E-6,8.4,2.91,0.38,0.03,0.2,0.022,0.002,0.0032
Lombo de porco cru,Carne e produtos cárneos,131.0,4.7,1.6,1.6,0.8,0.7,0.0,0.0,0.0,0.0,0.0,0.0,22.2,0.13,0.0,0.058,0.025,0.0,6.0E-7,5.0E-4,7.0E-4,1.6E-4,0.0053,0.01,0.0047,4.4E-4,0.001,0.0,5.0E-6,1.1,0.053,0.4,0.007,0.22,0.023,6.0E-4,0.0016
Lombo de vitela cru,Carne e produtos cárneos,148.0,7.6,3.2,3.6,0.3,0.1,0.4,0.0,0.0,0.0,0.0,0.0,19.9,0.06,0.0,0.091,0.0,0.0,0.0,1.7E-4,2.2E-4,2.1E-4,0.0066,0.011,0.0042,3.4E-4,0.0012,0.0,5.7E-6,1.3,0.024,0.35,0.014,0.2,0.018,9.0E-4,0.003
Morcela crua,Carne e produtos cárneos,363.0,29.5,9.7,11.3,3.8,3.3,0.1,12.0,0.4,0.0,11.6,0.6,12.0,1.28,0.0,0.106,0.012,0.0,9.0E-7,1.5E-4,1.8E-4,8.0E-5,0.0016,0.0035,0.0019,4.0E-5,3.0E-4,0.0,4.6E-6,2.0,0.51,0.18,0.024,0.095,0.018,0.01,0.0012
Mortadela,Carne e produtos cárneos,379.0,33.2,12.4,15.2,3.4,3.0,0.1,1.7,0.0,0.0,1.7,0.0,18.3,3.85,0.0,0.06,0.0,0.0,0.0,6.0E-5,1.2E-4,1.6E-4,0.004,0.0074,0.0034,1.5E-4,0.0014,0.0,3.0E-6,3.9,1.54,0.2,0.021,0.18,0.014,0.0022,0.0026
Pá de carneiro crua,Carne e produtos cárneos,195.0,12.6,5.4,4.0,0.4,0.3,0.6,0.0,0.0,0.0,0.0,0.0,20.5,0.16,0.0,0.068,0.0,0.0,4.0E-7,7.0E-5,1.4E-4,3.2E-4,0.0043,0.0082,0.0039,2.2E-4,0.002,0.0,2.0E-6,0.9,0.066,0.27,0.012,0.21,0.016,0.0013,0.002
Paio de lombo,Carne e produtos cárneos,288.0,19.0,6.5,7.5,2.2,1.9,0.1,0.0,0.0,0.0,0.0,0.0,29.2,8.78,0.0,0.065,0.0,0.0,0.0,2.0E-4,7.0E-4,2.0E-4,0.005,0.011,0.0062,4.8E-4,0.0012,0.0,3.0E-6,10.0,3.51,0.32,0.025,0.26,0.025,0.001,0.0038
Pato com pele cru,Carne e produtos cárneos,394.0,38.3,9.7,16.9,4.3,3.7,0.2,0.0,0.0,0.0,0.0,0.0,12.3,0.17,0.0,0.074,0.051,0.0,1.4E-6,2.0E-5,1.7E-4,3.6E-4,0.0037,0.006,0.0023,2.6E-4,0.002,0.0,1.0E-5,0.95,0.068,0.2,0.01,0.13,0.015,0.0019,0.0013
Pato sem pele cru,Carne e produtos cárneos,133.0,6.2,1.6,2.7,0.7,0.6,0.0,0.0,0.0,0.0,0.0,0.0,19.3,0.23,0.0,0.093,0.024,0.0,4.0E-7,2.0E-5,3.6E-4,4.5E-4,0.0053,0.0095,0.0042,3.4E-4,0.003,0.0,2.5E-5,1.06,0.092,0.28,0.012,0.2,0.019,0.0024,0.0019
Peito de cabrito cru,Carne e produtos cárneos,116.0,3.8,1.2,1.7,0.3,0.2,0.2,0.0,0.0,0.0,0.0,0.0,20.5,0.2,0.0,0.057,0.0,0.0,0.0,9.0E-5,1.3E-4,3.2E-4,0.0061,0.01,0.0044,3.0E-4,0.0011,0.0,5.0E-6,1.2,0.082,0.38,0.011,0.23,0.022,5.0E-4,0.004
Peito de carneiro gordo cru,Carne e produtos cárneos,396.0,36.5,15.7,11.7,1.2,0.7,1.6,0.0,0.0,0.0,0.0,0.0,16.8,0.28,0.0,0.094,0.0,0.0,6.0E-7,9.0E-5,3.0E-4,3.2E-4,0.0045,0.0077,0.0032,1.6E-4,0.001,0.0,1.1E-5,0.85,0.11,0.3,0.017,0.22,0.016,0.0012,0.003
Peito de frango com pele cru,Carne e produtos cárneos,176.0,8.9,2.1,2.9,1.6,1.6,0.0,0.0,0.0,0.0,0.0,0.0,24.1,0.18,0.0,0.085,0.0,0.0,6.0E-7,1.4E-4,1.4E-4,1.4E-4,0.0089,0.013,0.0045,5.1E-4,3.7E-4,0.0,1.1E-5,0.8,0.072,0.32,0.019,0.2,0.017,0.001,8.0E-4
Peito de frango sem pele cru,Carne e produtos cárneos,108.0,1.2,0.3,0.4,0.2,0.2,0.0,0.0,0.0,0.0,0.0,0.0,24.1,0.15,0.2,0.07,0.0,0.0,1.0E-7,1.3E-4,1.4E-4,1.4E-4,0.011,0.016,0.0045,4.9E-4,3.7E-4,0.0,1.3E-5,0.8,0.06,0.37,0.005,0.22,0.029,5.0E-4,8.0E-4
Peito de peru com pele cru,Carne e produtos cárneos,134.0,4.7,1.5,1.9,1.2,0.8,0.0,0.0,0.0,0.0,0.0,0.0,23.0,0.16,0.0,0.068,0.007,0.0,3.0E-7,0.0,7.0E-5,1.0E-4,0.0074,0.012,0.0043,5.2E-4,0.001,0.0,7.4E-6,1.2,0.064,0.33,0.007,0.2,0.03,7.0E-4,6.0E-4
Peito de peru sem pele cru,Carne e produtos cárneos,105.0,1.3,0.3,0.4,0.2,0.2,0.0,0.0,0.0,0.0,0.0,0.0,23.4,0.16,0.0,0.057,0.0,0.0,3.0E-7,0.0,6.0E-5,1.2E-4,0.0079,0.012,0.0044,5.8E-4,0.001,0.0,8.0E-6,1.1,0.063,0.35,0.008,0.21,0.032,7.0E-4,6.0E-4
Peito de vitela magro cru,Carne e produtos cárneos,147.0,7.6,3.2,3.6,0.3,0.1,0.4,0.0,0.0,0.0,0.0,0.0,19.6,0.07,0.0,0.091,0.0,0.0,0.0,1.7E-4,3.2E-4,2.4E-4,0.0065,0.011,0.0042,3.5E-4,0.0012,0.0,5.8E-6,1.8,0.028,0.41,0.011,0.23,0.021,0.0011,0.0033
Perdiz crua,Carne e produtos cárneos,104.0,1.3,0.4,0.5,0.3,0.2,0.0,0.0,0.0,0.0,0.0,0.0,23.0,0.15,0.0,0.061,0.0,0.0,3.0E-7,0.0,2.4E-4,1.8E-4,0.0045,0.01,0.006,6.0E-4,4.3E-4,0.0,8.0E-6,1.2,0.06,0.25,0.019,0.17,0.029,0.0045,0.0024
Perna de cabrito crua,Carne e produtos cárneos,113.0,4.0,1.2,1.8,0.3,0.2,0.2,0.0,0.0,0.0,0.0,0.0,19.3,0.19,0.0,0.06,0.0,0.0,0.0,9.0E-5,1.3E-4,3.0E-4,0.006,0.01,0.0041,3.0E-4,0.0011,0.0,5.0E-6,1.22,0.077,0.36,0.009,0.27,0.021,9.0E-4,0.0037
Perna de carneiro gorda crua,Carne e produtos cárneos,276.0,22.2,9.6,7.1,0.8,0.4,1.0,0.0,0.0,0.0,0.0,0.0,19.1,0.15,0.0,0.086,0.0,0.0,5.0E-7,7.0E-5,3.2E-4,2.3E-4,0.005,0.0086,0.0036,2.3E-4,0.0023,0.0,3.0E-6,0.82,0.06,0.36,0.011,0.19,0.025,0.0012,0.0032
Perna de carneiro magra crua,Carne e produtos cárneos,130.0,5.6,2.4,1.8,0.2,0.1,0.3,0.0,0.0,0.0,0.0,0.0,19.8,0.28,0.0,0.068,0.0,0.0,7.0E-7,5.0E-5,1.4E-4,2.1E-4,0.005,0.0087,0.0037,3.0E-4,0.002,0.0,6.0E-6,1.2,0.11,0.3,0.018,0.25,0.016,0.0015,0.0019
Perna de frango sem pele crua,Carne e produtos cárneos,111.0,2.6,0.6,0.9,0.5,0.5,0.0,0.0,0.0,0.0,0.0,0.0,22.0,0.22,0.0,0.1,0.02,0.0,2.0E-7,1.7E-4,1.4E-4,2.2E-4,0.0059,0.01,0.0041,2.8E-4,0.001,0.0,9.0E-6,1.21,0.09,0.39,0.018,0.19,0.026,0.0012,0.0011
Perna de peru com pele crua,Carne e produtos cárneos,148.0,8.1,2.6,3.2,2.0,1.5,0.0,0.0,0.0,0.0,0.0,0.0,18.9,0.21,0.0,0.086,0.0,0.0,4.0E-7,0.0,8.0E-5,1.9E-4,0.005,0.0085,0.0035,3.2E-4,0.002,0.0,2.2E-5,1.17,0.083,0.29,0.016,0.19,0.02,0.0016,0.0029
Perna de porco gorda crua,Carne e produtos cárneos,239.0,18.5,6.3,6.2,3.0,2.6,0.1,0.0,0.0,0.0,0.0,0.0,18.1,0.14,0.0,0.071,0.0,0.0,8.0E-7,9.0E-5,7.6E-4,2.4E-4,0.0075,0.011,0.0033,4.2E-4,0.001,0.0,1.0E-6,1.03,0.057,0.29,0.011,0.2,0.017,0.001,0.0017
Perna de porco magra crua,Carne e produtos cárneos,152.0,7.5,2.6,2.5,1.2,1.1,0.0,0.0,0.0,0.0,0.0,0.0,21.0,0.22,0.0,0.063,0.0,0.0,5.0E-7,8.0E-4,7.0E-4,2.6E-4,0.0072,0.012,0.0047,4.6E-4,0.001,0.0,1.0E-6,1.12,0.086,0.42,0.012,0.17,0.025,7.0E-4,0.0027
Picanha grelhada,Carne e produtos cárneos,194.0,11.9,4.6,5.4,0.4,0.335,0.6,0.0,0.0,0.0,0.0,0.0,21.7,13.6,0.0,0.068,0.0,0.0,4.0E-7,4.0E-5,9.0E-5,1.7E-4,0.0039,0.00848,0.00458,4.8E-4,0.0022,0.0,2.5E-5,13.9,5.43,0.38,0.016,0.25,0.065,0.002,0.0039
Presunto,Carne e produtos cárneos,215.0,12.8,4.1,5.1,1.4,1.2,0.0,0.0,0.0,0.0,0.0,0.0,25.0,6.42,0.0,0.066,0.0,0.0,8.0E-7,2.0E-4,7.0E-4,2.8E-4,0.006,0.011,0.0053,4.1E-4,0.001,0.0,1.0E-6,7.0,2.57,0.58,0.023,0.2,0.041,0.002,0.0039
Salame,Carne e produtos cárneos,422.0,37.6,12.9,14.9,4.3,3.7,0.1,1.3,0.0,0.0,1.3,0.0,19.5,5.75,0.0,0.08,0.0,0.0,7.0E-7,1.1E-4,3.6E-4,2.2E-4,0.003,0.0066,0.0036,2.5E-4,0.001,0.0,3.0E-6,5.5,2.3,0.14,0.025,0.2,0.022,0.0023,0.0043
Salpicão,Carne e produtos cárneos,412.0,36.7,12.6,14.5,4.2,3.6,0.1,0.0,0.0,0.0,0.0,0.0,20.5,10.9,0.0,0.084,0.0,0.0,7.0E-7,3.0E-4,3.5E-4,1.8E-4,0.005,0.0094,0.0044,4.1E-4,0.001,0.0,3.0E-6,9.5,4.34,0.58,0.027,0.24,0.036,0.0017,0.003
Salsicha fresca crua,Carne e produtos cárneos,210.0,16.4,5.4,5.4,1.1,0.8,0.1,0.0,0.0,0.0,0.0,0.0,15.5,1.75,0.0,0.045,0.0,0.0,0.0,3.0E-4,2.0E-4,8.0E-5,0.003,0.0054,0.0024,6.0E-5,9.0E-4,0.0,1.0E-6,2.4,0.7,0.15,0.018,0.18,0.01,0.0032,0.0011
Salsicha tipo Frankfurt,Carne e produtos cárneos,178.0,14.7,4.8,5.7,1.6,1.4,0.0,2.4,1.2,0.0,1.2,0.1,9.0,2.52,0.0,0.046,0.0,0.0,0.0,3.0E-4,1.5E-4,8.0E-5,0.0011,0.0025,0.0014,1.0E-4,7.5E-4,0.0,1.0E-6,2.6,1.01,0.061,0.014,0.099,0.004,0.001,5.0E-4
Toucinho de porco entremeado fresco cru,Carne e produtos cárneos,682.0,72.0,24.1,27.9,11.0,9.4,0.4,0.0,0.0,0.0,0.0,0.0,8.4,0.17,0.0,0.068,0.0,0.0,0.0,3.0E-5,1.7E-4,1.3E-4,2.0E-4,0.0014,0.0012,9.0E-5,0.001,0.0,2.0E-6,1.1,0.068,0.04,0.016,0.07,0.055,4.0E-4,6.0E-4
Vaca para assar crua,Carne e produtos cárneos,174.0,10.7,4.1,4.8,0.4,0.3,0.5,0.0,0.0,0.0,0.0,0.0,19.4,0.17,0.0,0.061,0.0,0.0,4.0E-7,4.0E-5,8.0E-5,1.5E-4,0.0035,0.0076,0.0041,4.3E-4,0.002,0.0,2.2E-5,0.7,0.067,0.34,0.014,0.22,0.022,0.0018,0.0035
Vaca para estufar magra crua,Carne e produtos cárneos,175.0,9.8,3.8,4.4,0.3,0.3,0.4,0.0,0.0,0.0,0.0,0.0,21.7,0.16,0.0,0.069,0.0,0.0,7.0E-7,9.0E-5,7.0E-5,1.8E-4,0.0042,0.0088,0.0046,4.2E-4,0.002,0.0,6.0E-6,1.02,0.066,0.34,0.012,0.25,0.02,0.0013,0.0053
Vaca para estufar meio gorda crua,Carne e produtos cárneos,227.0,15.8,6.1,7.1,0.5,0.5,0.7,0.0,0.0,0.0,0.0,0.0,21.3,0.13,0.0,0.061,0.0,0.0,5.0E-7,1.1E-4,1.0E-4,1.7E-4,0.004,0.0085,0.0045,4.8E-4,0.002,0.0,1.5E-5,1.1,0.053,0.3,0.013,0.25,0.019,7.0E-4,0.0032
Abacate,Fruta,114.0,10.5,2.2,6.5,1.2,1.1,0.0,2.3,2.3,0.0,0.0,3.0,1.1,0.038,0.0,0.0,0.005,0.032,0.0,0.0021,1.0E-4,1.7E-4,0.0011,0.0013,0.0011,3.0E-4,0.0,0.003,1.1E-5,0.75,0.015,0.33,0.004,0.036,0.021,3.0E-4,3.0E-4
Ameixa branca,Fruta,40.0,0.2,0.0,0.1,0.1,0.1,0.0,7.8,7.8,0.0,0.0,1.6,0.6,0.13,0.6,0.0,0.107,0.64,0.0,6.1E-4,2.0E-5,6.0E-5,6.0E-4,7.0E-4,1.0E-4,5.0E-5,0.0,0.002,3.0E-6,0.36,0.052,0.14,0.003,0.012,0.005,1.0E-4,1.0E-4
Ananás ,Fruta,48.0,0.2,0.0,0.1,0.1,0.1,0.0,9.5,9.5,0.0,0.0,1.2,0.5,0.005,1.1,0.0,0.003,0.02,0.0,1.0E-4,4.0E-5,3.0E-5,6.0E-4,7.0E-4,1.0E-4,9.0E-5,0.0,0.016,5.0E-6,0.2,0.002,0.16,0.018,0.007,0.013,3.0E-4,1.0E-4
Anona,Fruta,82.0,0.4,0.0,0.2,0.1,0.1,0.0,16.8,14.8,0.0,2.0,2.4,1.7,0.028,0.0,0.0,0.001,0.006,0.0,1.0E-4,1.0E-4,1.1E-4,9.0E-4,0.001,1.0E-4,2.0E-4,0.0,0.017,5.0E-6,0.55,0.011,0.24,0.006,0.031,0.023,3.0E-4,2.0E-4
Banana,Fruta,104.0,0.4,0.1,0.0,0.1,0.0,0.0,21.8,19.6,0.0,2.2,3.1,1.6,0.015,0.3,0.0,0.004,0.021,0.0,2.7E-4,6.0E-5,7.0E-5,7.0E-4,0.001,3.0E-4,2.9E-4,0.0,0.01,1.4E-5,0.89,0.006,0.42,0.008,0.025,0.028,4.0E-4,2.0E-4
Cereja,Fruta,67.0,0.7,0.2,0.2,0.2,0.2,0.0,13.3,13.3,0.0,0.0,1.6,0.8,0.0025,0.4,0.0,0.024,0.141,0.0,1.3E-4,4.0E-5,6.0E-5,2.0E-4,3.0E-4,1.0E-4,4.0E-5,0.0,0.006,5.0E-6,0.43,0.001,0.21,0.014,0.015,0.01,4.0E-4,1.0E-4
Clementina,Fruta,53.0,0.2,0.0,0.1,0.1,0.1,0.0,11.1,11.1,0.0,0.0,1.7,0.8,0.005,0.0,0.0,0.012,0.075,0.0,3.3E-4,8.0E-5,4.0E-5,3.0E-4,4.0E-4,1.0E-4,7.0E-5,0.0,0.04,3.2E-5,0.6,0.002,0.16,0.029,0.017,0.011,1.0E-4,1.0E-4
Damasco,Fruta,48.0,0.1,0.0,0.1,0.0,0.0,0.0,8.5,8.5,0.0,0.0,2.1,0.8,0.0025,1.9,0.0,0.18,1.1,0.0,7.0E-4,4.0E-5,1.0E-4,5.0E-4,6.0E-4,1.0E-4,7.0E-5,0.0,0.003,5.0E-6,0.8,0.001,0.26,0.009,0.015,0.012,0.001,1.0E-4
Dióspiro,Fruta,65.0,0.0,0.0,0.0,0.0,0.0,0.0,14.8,14.8,0.0,0.0,1.5,0.6,0.012,0.0,0.0,0.177,1.06,0.0,1.0E-4,3.0E-5,2.0E-5,3.0E-4,5.0E-4,2.0E-4,4.0E-5,0.0,0.003,7.0E-6,0.55,0.005,0.23,0.01,0.013,0.007,2.0E-4,1.0E-4
Figo,Fruta,78.0,0.5,0.1,0.1,0.2,0.2,0.0,16.3,16.3,0.0,0.0,2.3,0.9,0.0075,0.2,0.0,0.008,0.05,0.0,7.7E-4,3.0E-5,2.0E-5,3.0E-4,4.0E-4,1.0E-4,1.1E-4,0.0,0.001,7.0E-6,0.61,0.003,0.17,0.035,0.029,0.02,6.0E-4,1.0E-4
Figo seco,Fruta,270.0,0.6,0.1,0.1,0.3,0.3,0.0,58.3,58.3,0.0,0.0,11.0,2.3,0.16,0.0,0.0,0.011,0.065,0.0,7.0E-4,7.0E-5,6.0E-5,8.0E-4,0.0012,4.0E-4,2.2E-4,0.0,0.001,9.0E-6,2.2,0.062,0.94,0.24,0.072,0.086,0.0026,3.0E-4
Framboesa,Fruta,48.0,0.6,0.0,0.1,0.3,0.2,0.0,5.1,5.1,0.0,0.0,6.7,0.9,0.0025,1.9,0.0,0.002,0.01,0.0,2.0E-4,3.0E-5,2.0E-5,6.0E-4,8.0E-4,2.0E-4,5.0E-5,0.0,0.03,3.3E-5,0.54,0.001,0.23,0.026,0.023,0.02,5.0E-4,3.0E-4
Ginja,Fruta,57.0,0.3,0.1,0.1,0.1,0.0,0.0,11.5,11.5,0.0,0.0,1.6,0.9,0.0075,0.4,0.0,0.02,0.123,0.0,1.3E-4,4.0E-5,5.0E-5,4.0E-4,5.0E-4,1.0E-4,5.0E-5,0.0,0.01,9.0E-6,0.55,0.003,0.2,0.015,0.017,0.01,4.0E-4,1.0E-4
Kiwi,Fruta,60.0,0.5,0.1,0.1,0.2,0.1,0.0,10.9,10.9,0.0,0.0,1.9,1.1,0.022,1.2,0.0,0.007,0.042,0.0,4.0E-4,2.0E-5,5.0E-5,3.0E-4,5.0E-4,2.0E-4,2.0E-5,0.0,0.072,4.2E-5,0.72,0.009,0.3,0.019,0.028,0.018,4.0E-4,2.0E-4
Laranja,Fruta,48.0,0.2,0.0,0.0,0.1,0.0,0.0,8.9,8.9,0.0,0.0,1.8,1.1,0.01,0.7,0.0,0.02,0.12,0.0,2.4E-4,9.0E-5,5.0E-5,7.0E-4,8.0E-4,1.0E-4,1.0E-4,0.0,0.057,3.1E-5,0.42,0.004,0.16,0.035,0.019,0.011,2.0E-4,1.0E-4
Limão,Fruta,31.0,0.3,0.1,0.0,0.1,0.1,0.0,1.9,1.9,0.0,0.0,2.1,0.5,0.005,4.7,0.0,0.002,0.011,0.0,6.0E-4,4.0E-5,2.0E-5,2.0E-4,3.0E-4,1.0E-4,7.0E-5,0.0,0.055,9.0E-6,0.42,0.002,0.14,0.026,0.016,0.009,5.0E-4,1.0E-4
Maçã com casca,Fruta,64.0,0.5,0.1,0.0,0.2,0.1,0.0,13.4,13.4,0.0,0.0,2.1,0.2,0.015,0.2,0.0,0.004,0.026,0.0,5.9E-4,2.0E-5,3.0E-5,1.0E-4,2.0E-4,1.0E-4,4.0E-5,0.0,0.007,5.0E-6,0.32,0.006,0.14,0.006,0.008,0.008,2.0E-4,0.0
Manga,Fruta,59.0,0.3,0.1,0.1,0.1,0.0,0.0,11.7,11.5,0.0,0.2,2.9,0.5,0.035,0.6,0.0,0.3,1.8,0.0,0.001,4.0E-5,5.0E-5,5.0E-4,6.0E-4,1.0E-4,1.3E-4,0.0,0.023,3.6E-5,0.5,0.014,0.12,0.009,0.01,0.013,2.0E-4,1.0E-4
Marmelo,Fruta,53.0,0.2,0.0,0.1,0.1,0.1,0.0,9.3,9.3,0.0,0.0,6.0,0.3,0.01,0.2,0.0,0.005,0.029,0.0,5.5E-4,2.0E-5,4.0E-5,1.0E-4,2.0E-4,1.0E-4,4.0E-5,0.0,0.014,3.0E-6,0.35,0.004,0.2,0.014,0.014,0.007,1.0E-4,1.0E-4
Melancia,Fruta,26.0,0.2,0.0,0.1,0.1,0.0,0.0,5.5,5.5,0.0,0.0,0.3,0.4,0.01,0.0,0.0,0.05,0.3,0.0,1.0E-4,2.0E-5,1.0E-5,1.0E-4,1.0E-4,0.0,1.4E-4,0.0,0.004,2.0E-6,0.29,0.004,0.1,0.01,0.005,0.012,3.0E-4,1.0E-4
Melão,Fruta,30.0,0.3,0.1,0.1,0.1,0.1,0.0,5.7,5.7,0.0,0.0,0.9,0.6,0.03,0.0,0.0,0.167,1.0,0.0,1.0E-4,2.0E-5,2.0E-5,4.0E-4,4.0E-4,0.0,9.0E-5,0.0,0.03,3.0E-6,0.68,0.012,0.23,0.01,0.012,0.019,3.0E-4,2.0E-4
Meloa,Fruta,23.0,0.1,0.0,0.1,0.0,0.0,0.0,4.2,4.2,0.0,0.0,0.9,0.6,0.02,0.4,0.0,0.167,1.0,0.0,1.0E-4,4.0E-5,2.0E-5,6.0E-4,6.0E-4,0.0,1.1E-4,0.0,0.026,5.0E-6,0.68,0.008,0.21,0.02,0.013,0.011,3.0E-4,0.0
Morango,Fruta,34.0,0.4,0.0,0.1,0.2,0.1,0.0,5.3,5.3,0.0,0.0,2.0,0.6,0.005,0.8,0.0,0.004,0.026,0.0,2.0E-4,3.0E-5,6.0E-5,6.0E-4,8.0E-4,2.0E-4,5.0E-5,0.0,0.047,4.7E-5,0.58,0.002,0.14,0.025,0.026,0.01,8.0E-4,1.0E-4
Nectarina,Fruta,49.0,0.1,0.0,0.1,0.0,0.0,0.0,8.7,8.7,0.0,0.0,2.2,1.4,0.0025,1.0,0.0,0.01,0.045,0.0,0.0018,2.0E-5,4.0E-5,6.0E-4,9.0E-4,3.0E-4,3.0E-5,0.0,0.037,3.0E-6,0.5,0.001,0.17,0.007,0.022,0.01,4.0E-4,1.0E-4
Nêspera,Fruta,51.0,0.4,0.1,0.0,0.2,0.2,0.0,10.2,10.2,0.0,0.0,2.1,0.4,0.0025,0.3,0.0,0.027,0.16,0.0,2.0E-4,4.0E-5,6.0E-5,2.0E-4,2.0E-4,0.0,2.0E-5,0.0,0.001,1.4E-5,0.47,0.001,0.25,0.016,0.011,0.014,3.0E-4,1.0E-4
Papaia,Fruta,45.0,0.1,0.0,0.1,0.0,0.0,0.0,9.1,6.0,0.0,0.0,2.3,0.6,0.055,0.2,0.0,0.135,0.81,0.0,0.0015,3.0E-5,4.0E-5,3.0E-4,4.0E-4,1.0E-4,3.0E-5,0.0,0.068,1.0E-6,0.59,0.022,0.21,0.021,0.016,0.024,4.0E-4,1.0E-4
Pera,Fruta,47.0,0.4,0.0,0.1,0.1,0.1,0.0,9.4,9.4,0.0,0.0,2.2,0.3,0.02,0.1,0.0,0.002,0.009,0.0,5.0E-4,2.0E-5,2.0E-5,2.0E-4,2.0E-4,0.0,2.0E-5,0.0,0.003,2.0E-6,0.36,0.008,0.15,0.009,0.01,0.009,3.0E-4,2.0E-4
Pêssego,Fruta,44.0,0.3,0.0,0.1,0.1,0.1,0.0,8.1,8.1,0.0,0.0,2.3,0.6,0.0075,0.5,0.0,0.067,0.4,0.0,9.7E-4,3.0E-5,3.0E-5,0.001,0.0011,1.0E-4,2.0E-5,0.0,0.004,3.0E-6,0.45,0.003,0.16,0.008,0.02,0.008,3.0E-4,1.0E-4
Romã,Fruta,60.0,0.4,0.1,0.2,0.0,0.0,0.0,12.0,12.0,0.0,0.0,3.4,0.4,0.0075,0.1,0.0,0.006,0.038,0.0,9.0E-4,5.0E-5,3.0E-5,2.0E-4,3.0E-4,1.0E-4,2.0E-4,0.0,0.013,1.0E-5,0.51,0.003,0.24,0.011,0.014,0.007,6.0E-4,3.0E-4
Tângera,Fruta,41.0,0.1,0.0,0.0,0.1,0.0,0.0,7.8,7.8,0.0,0.0,1.7,0.7,0.01,0.8,0.0,0.06,0.358,0.0,5.5E-4,4.0E-5,3.0E-5,2.0E-4,2.0E-4,0.0,7.0E-5,0.0,0.042,1.8E-5,0.41,0.004,0.2,0.057,0.015,0.008,5.0E-4,1.0E-4
Tangerina,Fruta,44.0,0.1,0.0,0.0,0.1,0.0,0.0,8.7,8.7,0.0,0.0,1.7,0.7,0.012,0.8,0.0,0.033,0.2,0.0,2.4E-4,8.0E-5,4.0E-5,2.0E-4,2.0E-4,0.0,7.0E-5,0.0,0.032,2.1E-5,0.43,0.005,0.24,0.03,0.016,0.009,3.0E-4,1.0E-4
Uva Branca,Fruta,78.0,0.5,0.1,0.0,0.1,0.1,0.0,17.3,17.3,0.0,0.0,0.8,0.3,0.005,0.4,0.0,0.0,0.0,0.0,4.0E-4,2.0E-5,2.0E-5,3.0E-4,3.0E-4,0.0,9.0E-5,0.0,0.001,2.0E-6,0.38,0.002,0.22,0.01,0.014,0.008,0.0012,1.0E-4
Uva Tinta,Fruta,83.0,0.5,0.1,0.0,0.1,0.1,0.0,18.6,18.6,0.0,0.0,0.9,0.3,0.005,0.4,0.0,0.015,0.06,0.0,4.0E-4,3.0E-5,2.0E-5,2.0E-4,2.0E-4,0.0,9.0E-5,0.0,0.001,2.0E-6,0.41,0.002,0.22,0.01,0.011,0.008,3.0E-4,1.0E-4
Azeite,Gorduras e óleos animais e vegetais,900.0,99.9,14.4,78.6,6.9,6.2,0.0,0.0,0.0,0.0,0.0,0.0,0.1,0.0,0.0,0.0,0.0,0.0,0.0,0.014,0.0,0.0,0.0,0.0,0.0,0.0,0.0,0.0,0.0,0.0,0.0,0.0,0.0,0.0,0.0,0.0,0.0
Banha de porco,Gorduras e óleos animais e vegetais,896.0,99.5,26.3,58.6,10.4,9.6,0.4,0.0,0.0,0.0,0.0,0.0,0.0,0.005,0.0,0.082,0.009,0.0,0.0,0.001,0.0,0.0,0.0,0.0,0.0,0.0,0.0,0.0,0.0,0.1,0.002,0.001,0.001,0.003,0.002,1.0E-4,1.0E-4
Manteiga com sal,Gorduras e óleos animais e vegetais,739.0,81.8,46.3,18.9,2.4,2.0,3.3,0.7,0.7,0.0,0.0,0.0,0.1,1.88,0.0,0.23,0.565,0.045,7.0E-7,0.002,0.0,2.0E-5,0.0,0.0,0.0,1.0E-5,0.0,0.0,0.0,1.9,0.75,0.015,0.015,0.024,0.002,2.0E-4,1.0E-4
Manteiga sem sal,Gorduras e óleos animais e vegetais,750.0,83.0,47.0,19.2,2.4,2.0,3.3,0.7,0.7,0.0,0.0,0.0,0.1,0.02,0.0,0.23,0.565,0.045,7.0E-7,0.002,0.0,2.0E-5,0.0,0.0,0.0,1.0E-5,0.0,0.0,0.0,0.2,0.008,0.015,0.015,0.024,0.002,2.0E-4,1.0E-4
Óleo de amendoim,Gorduras e óleos animais e vegetais,886.0,98.5,17.5,58.4,17.7,17.6,0.6,0.0,0.0,0.0,0.0,0.0,0.0,0.0,0.0,0.0,0.0,0.0,0.0,0.015,0.0,0.0,0.0,0.0,0.0,0.0,0.0,0.0,0.0,0.0,0.0,0.0,0.0,0.0,0.0,0.0,0.0
Óleo de girassol,Gorduras e óleos animais e vegetais,896.0,99.5,11.6,22.3,62.2,62.1,0.1,0.0,0.0,0.0,0.0,0.0,0.0,0.0,0.0,0.0,0.0,0.0,0.0,0.065,0.0,0.0,0.0,0.0,0.0,0.0,0.0,0.0,0.0,0.0,0.0,0.0,0.0,0.0,0.0,0.0,0.0
Amêndoa miolo com pele,Leguminosas frutos secos,643.0,56.0,4.7,34.5,14.3,13.9,0.0,7.2,4.6,0.0,2.6,12.0,21.6,0.015,0.0,0.0,0.0,0.0,0.0,0.024,2.1E-4,7.5E-4,0.0022,0.0057,0.0035,1.5E-4,0.0,0.001,4.9E-5,3.0,0.006,0.86,0.27,0.4,0.26,0.004,0.0031
Amêndoa miolo torrada sem pele,Leguminosas frutos secos,650.0,56.8,4.7,35.1,14.5,14.1,0.0,7.1,5.0,0.0,2.1,12.2,21.6,0.015,0.0,0.0,0.0,0.0,0.0,0.025,1.3E-4,5.7E-4,0.0021,0.0056,0.0035,9.0E-5,0.0,0.0,3.7E-5,3.0,0.006,0.86,0.27,0.41,0.26,0.0041,0.0032
Amendoim miolo,Leguminosas frutos secos,589.0,47.7,8.5,21.8,14.8,14.3,0.0,10.1,4.8,0.0,5.3,8.8,25.4,0.018,0.0,0.0,0.0,0.0,0.0,0.0099,9.0E-4,1.3E-4,0.015,0.02,0.0055,4.4E-4,0.0,0.0,1.1E-4,2.6,0.007,0.68,0.062,0.38,0.18,0.0022,0.0032
Amendoim miolo torrado com sal,Leguminosas frutos secos,614.0,51.8,9.2,23.7,16.1,15.5,0.0,6.6,3.6,0.0,3.0,8.3,26.2,1.05,0.0,0.0,0.0,0.0,0.0,6.6E-4,2.2E-4,1.3E-4,0.014,0.019,0.0052,4.7E-4,0.0,0.0,5.2E-5,3.6,0.42,0.82,0.035,0.36,0.16,0.0012,0.0027
Amendoim miolo torrado sem sal,Leguminosas frutos secos,605.0,49.6,8.8,22.7,15.4,14.8,0.0,9.5,4.5,0.0,5.0,8.9,25.6,0.015,0.0,0.0,0.0,0.0,0.0,0.0011,2.2E-4,1.3E-4,0.014,0.02,0.0055,4.7E-4,0.0,0.0,6.6E-5,3.6,0.006,0.74,0.057,0.37,0.16,0.0021,0.003
Avelã miolo,Leguminosas frutos secos,689.0,66.3,4.9,52.2,6.2,6.1,0.0,6.0,3.9,0.0,2.1,6.1,14.0,0.005,0.0,0.0,0.0,0.0,0.0,0.025,3.0E-4,1.6E-4,0.0018,0.0052,0.0034,5.9E-4,0.0,0.0,7.3E-5,2.45,0.002,0.73,0.25,0.27,0.16,0.003,0.002
Azeitona,Leguminosas frutos secos,180.0,18.5,2.9,9.6,2.2,2.0,0.0,0.0,0.0,0.0,0.0,4.0,1.4,5.25,0.0,0.0,0.039,0.236,0.0,0.002,2.0E-5,7.0E-5,5.0E-4,7.0E-4,2.0E-4,2.0E-5,0.0,0.0,0.0,5.1,2.1,0.06,0.054,0.014,0.022,0.0016,2.0E-4
Batata crua,Leguminosas frutos secos,90.0,0.0,0.0,0.0,0.0,0.0,0.0,19.2,1.2,0.0,18.0,1.6,2.5,0.022,0.0,0.0,0.0,0.0,0.0,6.0E-5,2.1E-4,2.0E-5,0.0014,0.002,6.0E-4,4.4E-4,0.0,0.014,3.5E-5,0.74,0.009,0.45,0.009,0.042,0.013,2.0E-4,2.0E-4
Batata doce crua,Leguminosas frutos secos,123.0,0.0,0.0,0.0,0.0,0.0,0.0,28.3,7.9,0.0,20.4,2.7,1.0,0.052,0.0,0.0,0.65,3.9,0.0,0.0046,1.7E-4,0.0,5.0E-4,8.0E-4,3.0E-4,9.0E-5,0.0,0.025,1.7E-5,0.67,0.021,0.35,0.024,0.032,0.014,4.0E-4,3.0E-4
Castanha miolo,Leguminosas frutos secos,194.0,1.1,0.2,0.4,0.4,0.4,0.0,39.8,9.8,0.0,30.0,6.1,3.1,0.022,0.0,0.0,0.011,0.064,0.0,0.0012,2.2E-4,1.2E-4,5.0E-4,0.0011,6.0E-4,3.5E-4,0.0,0.051,6.1E-5,1.1,0.009,0.5,0.02,0.063,0.033,8.0E-4,5.0E-4
Coco seco ralado,Leguminosas frutos secos,648.0,62.0,53.3,4.1,1.1,1.0,0.0,6.4,6.4,0.0,0.0,21.1,5.6,0.07,0.0,0.0,0.0,0.0,0.0,0.0013,3.0E-5,5.0E-5,9.0E-4,0.002,0.0011,9.0E-5,0.0,0.0,9.0E-6,2.0,0.028,0.66,0.022,0.16,0.09,0.0036,9.0E-4
Ervilhas grão congeladas cruas,Leguminosas frutos secos,68.0,0.5,0.1,0.1,0.2,0.2,0.0,7.0,1.4,1.2,4.4,7.0,5.3,0.028,0.0,0.0,0.067,0.4,0.0,1.8E-4,3.2E-4,2.0E-5,0.0018,0.0026,8.0E-4,1.0E-4,0.0,0.014,5.8E-5,0.8,0.011,0.21,0.032,0.096,0.017,0.0011,9.0E-4
Ervilhas vagens cruas,Leguminosas frutos secos,33.0,0.2,0.0,0.1,0.1,0.1,0.0,3.9,2.9,0.0,1.0,1.5,3.1,0.01,0.0,0.0,0.033,0.2,0.0,1.8E-4,1.7E-4,1.4E-4,5.0E-4,0.001,5.0E-4,1.6E-4,0.0,0.03,7.0E-6,0.48,0.004,0.15,0.054,0.039,0.025,7.0E-4,6.0E-4
Favas frescas cruas,Leguminosas frutos secos,80.0,0.5,0.1,0.0,0.3,0.1,0.0,8.5,1.6,0.5,6.4,6.1,7.4,0.018,0.0,0.0,0.011,0.064,0.0,4.6E-4,4.0E-5,4.0E-5,0.0012,0.0024,0.0012,6.0E-5,0.0,0.023,1.5E-4,0.84,0.007,0.27,0.025,0.087,0.032,0.0012,0.001
Favas secas cruas,Leguminosas frutos secos,301.0,1.3,0.2,0.3,0.5,0.5,0.0,32.8,6.2,2.3,24.3,27.6,25.8,0.032,0.0,0.0,0.005,0.03,0.0,4.6E-4,4.3E-4,2.6E-4,0.0026,0.0067,0.0041,3.7E-4,0.0,0.0,1.5E-4,3.5,0.013,1.09,0.1,0.33,0.2,0.005,0.0032
Feijão branco cru,Leguminosas frutos secos,318.0,1.4,0.3,0.4,0.4,0.4,0.0,43.9,2.6,3.8,37.5,22.9,21.0,0.11,0.0,0.0,0.0,0.0,0.0,2.0E-4,3.5E-4,1.7E-4,0.0012,0.0046,0.0034,3.5E-4,0.0,0.0,3.0E-4,2.8,0.043,1.16,0.18,0.31,0.18,0.0061,0.0028
Feijão frade cru,Leguminosas frutos secos,342.0,1.3,0.6,0.1,0.9,0.9,0.0,55.3,3.1,3.9,48.3,9.4,22.6,0.045,0.0,0.0,0.005,0.03,0.0,3.0E-4,5.4E-4,1.8E-4,0.0021,0.0069,0.0048,3.7E-4,0.0,0.001,6.3E-4,3.2,0.018,1.1,0.081,0.41,0.13,0.0052,0.0035
Feijão manteiga cru,Leguminosas frutos secos,316.0,1.4,0.3,0.4,0.4,0.4,0.0,42.6,2.5,3.6,36.5,22.9,21.8,0.032,0.0,0.0,0.0,0.0,0.0,3.0E-4,6.1E-4,1.9E-4,0.0014,0.0049,0.0035,6.0E-4,0.0,0.0,3.6E-4,3.0,0.013,1.37,0.16,0.3,0.14,0.0078,0.0049
Feijão verde fresco cru,Leguminosas frutos secos,32.0,0.3,0.1,0.0,0.2,0.1,0.0,3.8,2.8,0.0,1.0,3.0,1.9,0.005,0.0,0.0,0.043,0.26,0.0,2.0E-4,5.0E-5,7.0E-5,7.0E-4,0.0012,5.0E-4,5.0E-5,0.0,0.017,8.0E-5,0.98,0.002,0.25,0.04,0.035,0.017,7.0E-4,2.0E-4
Grão-de-bico cru,Leguminosas frutos secos,354.0,5.0,0.5,1.0,2.5,2.5,0.0,51.4,2.8,3.4,45.2,13.5,19.0,0.015,0.0,0.0,0.01,0.06,0.0,0.0027,4.1E-4,1.5E-4,0.0019,0.0044,0.0025,5.0E-4,0.0,0.003,1.8E-4,3.0,0.006,0.98,0.14,0.24,0.1,0.0063,0.0025
Lentilhas secas cruas,Leguminosas frutos secos,321.0,0.7,0.1,0.1,0.3,0.3,0.0,47.6,1.2,3.1,43.3,11.8,25.2,0.03,0.0,0.0,0.01,0.06,0.0,0.0,4.3E-4,2.7E-4,0.0019,0.0053,0.0034,9.3E-4,0.0,0.0,1.1E-4,2.4,0.012,0.94,0.074,0.36,0.11,0.0068,0.0039
Noz miolo,Leguminosas frutos secos,699.0,67.5,5.4,15.0,47.0,38.0,0.0,3.6,2.6,0.0,1.0,5.2,16.7,0.03,0.0,0.0,0.0,0.0,0.0,0.0038,3.3E-4,1.4E-4,9.0E-4,0.0036,0.0027,6.7E-4,0.0,0.001,6.6E-5,1.98,0.012,0.5,0.09,0.29,0.16,0.0026,0.0027
Pinhão miolo,Leguminosas frutos secos,622.0,51.7,3.5,15.0,31.0,30.0,0.0,5.0,2.4,0.0,2.6,1.9,33.2,0.0025,0.0,0.0,0.0,0.0,0.0,0.01,3.9E-4,2.2E-4,0.0027,0.0089,0.0062,1.1E-4,0.0,0.0,5.7E-5,4.26,0.001,0.78,0.054,0.35,0.27,0.0047,0.0065
Tremoço cozido e salgado,Leguminosas frutos secos,126.0,2.4,0.3,1.0,0.6,0.5,0.0,7.2,0.5,0.0,6.7,4.8,16.4,2.28,0.0,0.0,0.0,0.0,0.0,1.0E-4,1.0E-4,1.0E-5,5.0E-4,0.0027,0.0022,1.2E-4,0.0,0.0,1.1E-4,3.1,0.91,0.24,0.045,0.1,0.054,0.0055,0.0015
Iogurte batido magro com cereais,Leite e produtos lácteos,49.0,0.4,0.2,0.1,0.0,0.0,0.0,5.7,5.7,0.0,0.0,1.0,4.3,0.23,1.2,0.002,0.03,0.017,0.0,0.0,4.0E-5,2.5E-4,2.0E-4,0.0011,9.0E-4,4.0E-5,0.0,0.0,1.7E-6,0.75,0.092,0.2,0.12,0.1,0.017,3.0E-4,4.0E-4
Iogurte natural sólido magro,Leite e produtos lácteos,42.0,0.2,0.1,0.1,0.0,0.0,0.0,5.2,5.2,0.0,0.0,0.0,4.6,0.18,0.2,0.002,0.017,0.01,0.0,0.0,4.0E-5,2.7E-4,2.0E-4,0.0012,0.001,3.0E-5,0.0,0.0,1.5E-6,0.75,0.072,0.2,0.16,0.12,0.014,2.0E-4,6.0E-4
Leite de vaca UHT gordo,Leite e produtos lácteos,62.0,3.5,2.0,0.8,0.1,0.1,0.1,4.7,4.7,0.0,0.0,0.0,3.0,0.11,0.0,0.013,0.059,0.029,0.0,7.0E-5,4.0E-5,1.4E-4,2.0E-4,9.0E-4,7.0E-4,4.0E-5,1.8E-4,0.0,1.0E-6,0.75,0.043,0.16,0.11,0.077,0.009,1.0E-4,4.0E-4
Leite de vaca UHT meio gordo,Leite e produtos lácteos,47.0,1.6,0.9,0.4,0.0,0.0,0.1,4.9,4.9,0.0,0.0,0.0,3.3,0.1,0.0,0.008,0.022,0.012,0.0,3.0E-5,4.0E-5,1.8E-4,2.0E-4,9.0E-4,7.0E-4,5.0E-5,1.2E-4,0.0,1.0E-6,0.76,0.04,0.16,0.11,0.081,0.009,1.0E-4,5.0E-4
Nata não maturada UHT 35% gordura,Leite e produtos lácteos,335.0,35.0,20.0,7.9,1.0,0.9,1.2,3.1,3.1,0.0,0.0,0.0,1.8,0.07,0.0,0.074,0.479,0.247,2.0E-7,0.0019,2.0E-5,1.7E-4,3.0E-4,7.0E-4,4.0E-4,2.0E-5,1.7E-4,0.0,3.0E-6,0.4,0.028,0.098,0.061,0.052,0.005,2.0E-4,2.0E-4
Queijo creme para barrar,Leite e produtos lácteos,263.0,22.0,4.9,4.0,10.4,10.2,0.0,6.9,6.9,0.0,0.0,0.0,9.3,2.45,0.0,0.018,0.066,0.0,0.0,0.0076,4.0E-5,2.6E-4,0.0016,0.0038,0.0022,5.0E-5,3.0E-4,0.0,1.3E-5,4.0,0.98,0.22,0.3,0.66,0.018,2.0E-4,0.0013
Queijo flamengo 30% gordura,Leite e produtos lácteos,247.0,14.0,7.5,3.6,1.0,0.4,0.6,0.2,0.2,0.0,0.0,0.0,30.0,2.58,0.0,0.038,0.234,0.175,0.0,3.0E-4,5.0E-5,3.9E-4,4.0E-4,0.0074,0.007,8.0E-5,0.0018,0.0,3.5E-5,5.0,1.03,0.12,0.85,0.5,0.055,9.0E-4,0.0055
Queijo flamengo 45% gordura,Leite e produtos lácteos,316.0,23.4,12.6,6.0,0.9,0.7,1.1,0.2,0.2,0.0,0.0,0.0,26.0,2.12,0.3,0.069,0.268,0.201,2.0E-7,4.4E-4,4.0E-5,4.0E-4,4.0E-4,0.0065,0.0061,9.0E-5,0.002,0.0,3.9E-5,4.82,0.85,0.1,0.8,0.51,0.04,8.0E-4,0.0053
Queijo fundido 40% gordura,Leite e produtos lácteos,326.0,25.7,13.8,6.6,1.0,0.9,1.2,0.2,0.2,0.0,0.0,0.0,22.5,3.48,1.3,0.088,0.242,0.112,1.0E-7,4.9E-4,2.2E-4,3.2E-4,6.0E-4,0.0059,0.0053,8.0E-5,9.2E-4,0.0,1.8E-5,5.53,1.39,0.13,0.75,0.76,0.028,8.0E-4,0.0032
Requeijão 13% de proteína,Leite e produtos lácteos,187.0,12.7,6.8,3.3,0.5,0.4,0.6,5.1,5.1,0.0,0.0,0.0,13.0,0.7,0.0,0.046,0.139,0.048,0.0,0.0015,3.0E-5,2.8E-4,0.0015,0.0045,0.003,1.0E-5,8.0E-4,0.0,1.5E-5,3.8,0.28,0.21,0.47,0.3,0.024,3.0E-4,0.0011
Requeijão 8% de proteína,Leite e produtos lácteos,150.0,11.3,6.1,2.9,0.4,0.3,0.5,4.1,4.1,0.0,0.0,0.0,8.0,0.9,0.0,0.049,0.146,0.051,0.0,0.0011,2.0E-5,1.9E-4,0.0013,0.0032,0.0019,1.0E-5,6.0E-4,0.0,1.1E-5,3.5,0.36,0.15,0.3,0.19,0.019,1.0E-4,8.0E-4
Ovo  de galinha  inteiro cru,Ovos e ovoprodutos,149.0,10.8,2.7,3.9,2.1,1.9,0.0,0.0,0.0,0.0,0.0,0.0,13.0,0.35,0.0,0.408,0.19,0.0,1.7E-6,0.0023,7.0E-5,4.4E-4,4.0E-5,0.0038,0.0038,3.6E-4,0.001,0.0,5.0E-5,0.9,0.14,0.13,0.044,0.18,0.011,0.0021,0.0013
Ovo  de galinha  clara crua,Ovos e ovoprodutos,47.0,0.3,0.1,0.1,0.0,0.0,0.0,0.0,0.0,0.0,0.0,0.0,11.0,0.48,0.0,0.0,0.0,0.0,0.0,3.0E-5,4.0E-5,3.3E-4,3.0E-5,0.0032,0.0032,2.0E-5,1.0E-4,0.0,1.4E-5,1.3,0.19,0.14,0.006,0.013,0.012,1.0E-4,1.0E-4
Ovo  de galinha  gema crua,Ovos e ovoprodutos,342.0,30.9,8.3,11.7,4.6,3.9,0.1,0.0,0.0,0.0,0.0,0.0,16.0,0.12,0.0,1.28,0.5,0.0,4.9E-6,0.0046,2.4E-4,6.5E-4,1.0E-5,0.0047,0.0047,8.0E-4,0.0028,0.0,1.3E-4,1.7,0.048,0.09,0.13,0.48,0.011,0.0055,0.003
Abrótea cozida,Peixe produtos da pesca,78.0,0.1,0.0,0.0,0.1,0.0,0.0,0.0,0.0,0.0,0.0,0.0,19.4,0.9,0.0,0.026,0.001,0.0,4.0E-7,4.0E-5,3.0E-5,2.0E-5,4.7E-4,0.0041,0.0036,5.0E-5,4.0E-4,0.0,1.2E-5,2.0,0.36,0.36,0.013,0.27,0.036,2.0E-4,6.0E-4
Abrótea crua,Peixe produtos da pesca,70.0,0.1,0.0,0.0,0.0,0.0,0.0,0.0,0.0,0.0,0.0,0.0,17.2,0.16,0.0,0.022,0.001,0.0,4.0E-7,4.0E-5,3.0E-5,3.0E-5,5.6E-4,0.0038,0.0032,6.0E-5,4.4E-4,0.0,1.2E-5,1.1,0.063,0.36,0.011,0.23,0.028,2.0E-4,5.0E-4
Amêijoa aberta ao natural sem sal,Peixe produtos da pesca,131.0,1.8,0.4,0.2,0.4,0.0,0.0,5.2,0.0,0.0,5.2,0.0,23.4,1.22,0.0,0.088,0.175,0.0,2.0E-7,5.8E-4,6.0E-5,3.0E-4,0.0032,0.0082,0.005,7.0E-5,0.067,0.0,1.6E-5,2.0,0.49,0.16,0.1,0.36,0.21,0.017,0.0042
Amêijoa crua,Peixe produtos da pesca,65.0,0.9,0.2,0.1,0.2,0.0,0.0,2.6,0.0,0.0,2.6,0.0,11.7,0.6,0.0,0.044,0.097,0.0,1.0E-7,2.9E-4,4.0E-5,1.5E-4,0.0017,0.0042,0.0025,4.0E-5,0.037,0.0,9.5E-6,1.0,0.24,0.078,0.051,0.18,0.1,0.0085,0.0021
Amêijoas,Peixe produtos da pesca,89.0,2.5,0.4,1.3,0.4,0.121,0.0,3.2,0.3,0.0,2.9,0.4,12.8,0.65,0.5,0.047,0.11,0.034,1.0E-7,6.2E-4,5.0E-5,1.7E-4,0.0019,0.00461,0.00272,6.0E-5,0.04,0.009,1.2E-5,1.21,0.26,0.13,0.063,0.2,0.11,0.0093,0.0023
Bacalhau seco e salgado demolhado cru,Peixe produtos da pesca,80.0,0.4,0.1,0.1,0.1,0.0,0.0,0.0,0.0,0.0,0.0,0.0,19.0,3.7,0.0,0.052,0.004,0.0,4.5E-6,2.8E-4,5.0E-5,7.0E-5,7.6E-4,0.0043,0.0035,7.0E-5,9.5E-4,0.0,8.1E-6,3.4,1.48,0.036,0.033,0.12,0.023,2.0E-4,8.0E-4
Berbigão cru,Peixe produtos da pesca,59.0,0.7,0.1,0.1,0.3,0.0,0.0,2.7,0.0,0.0,2.7,0.0,10.5,0.95,0.0,0.03,0.0,0.0,0.0,0.0,5.0E-5,1.1E-4,0.0017,0.0039,0.0022,4.0E-5,0.041,0.0,1.8E-5,3.2,0.38,0.062,0.056,0.16,0.058,0.0059,0.0011
Camarão cozido,Peixe produtos da pesca,99.0,0.8,0.2,0.1,0.4,0.1,0.0,0.4,0.0,0.0,0.4,0.0,22.6,4.0,0.0,0.198,0.002,0.0,0.0,9.0E-4,3.0E-5,1.0E-5,0.0024,0.0072,0.0048,5.0E-5,0.0024,0.0,9.8E-6,5.0,1.6,0.23,0.11,0.19,0.038,0.0023,4.0E-4
Camarão cru,Peixe produtos da pesca,77.0,0.6,0.1,0.1,0.3,0.1,0.0,0.3,0.0,0.0,0.3,0.0,17.6,0.48,0.0,0.154,0.0,0.0,0.0,7.0E-4,3.0E-5,1.0E-5,0.002,0.0058,0.0038,5.0E-5,0.0021,0.0,9.0E-6,1.5,0.19,0.18,0.087,0.15,0.03,0.0018,3.0E-4
Carapau cru,Peixe produtos da pesca,105.0,2.9,0.7,0.8,0.9,0.0,0.0,0.0,0.0,0.0,0.0,0.0,19.7,0.2,0.0,0.036,0.015,0.0,4.1E-6,3.7E-4,1.5E-4,1.5E-4,0.005,0.0087,0.0037,3.6E-4,0.0057,0.0,1.5E-5,1.4,0.08,0.4,0.069,0.26,0.033,0.0012,0.0012
Cavala crua,Peixe produtos da pesca,202.0,13.4,3.6,3.7,4.7,0.2,0.3,0.0,0.0,0.0,0.0,0.0,20.3,0.2,0.0,0.045,0.028,0.0,2.4E-6,0.0013,1.3E-4,2.3E-4,0.009,0.013,0.0038,0.001,0.014,0.0,1.4E-5,1.4,0.078,0.36,0.039,0.28,0.037,0.0011,0.0022
Cherne cru,Peixe produtos da pesca,132.0,6.7,2.0,2.2,0.9,0.1,0.0,0.0,0.0,0.0,0.0,0.0,17.9,0.28,0.0,0.047,0.055,0.0,6.6E-6,0.0026,4.0E-5,3.0E-5,0.0018,0.0051,0.0033,2.4E-4,7.0E-4,0.0,6.0E-6,1.2,0.11,0.29,0.008,0.16,0.027,4.0E-4,7.0E-4
Chicharro cru,Peixe produtos da pesca,105.0,2.9,0.7,0.8,0.9,0.0,0.0,0.0,0.0,0.0,0.0,0.0,19.7,0.2,0.0,0.036,0.015,0.0,4.1E-6,3.7E-4,1.5E-4,1.5E-4,0.005,0.0087,0.0037,3.6E-4,0.0057,0.0,1.5E-5,1.4,0.08,0.4,0.069,0.26,0.033,0.0012,0.0012
Choco cru,Peixe produtos da pesca,79.0,0.4,0.1,0.1,0.1,0.0,0.0,0.0,0.0,0.0,0.0,0.0,18.9,0.5,0.0,0.076,0.009,0.0,0.0,9.4E-4,4.0E-5,3.0E-5,0.0011,0.0051,0.004,6.0E-5,0.0012,0.0,8.8E-6,1.4,0.2,0.32,0.008,0.27,0.049,1.0E-4,0.0017
Corvina crua,Peixe produtos da pesca,94.0,1.4,0.3,0.5,0.2,0.0,0.0,0.0,0.0,0.0,0.0,0.0,20.4,0.14,0.0,0.05,0.001,0.0,1.6E-5,4.5E-4,7.0E-5,1.4E-4,0.0027,0.0065,0.0038,2.9E-4,3.0E-4,0.0,1.2E-5,1.2,0.056,0.43,0.013,0.23,0.031,3.0E-4,5.0E-4
Dourada crua,Peixe produtos da pesca,167.0,9.8,2.1,3.6,2.8,0.5,0.0,0.0,0.0,0.0,0.0,0.0,19.7,0.15,0.0,0.051,0.011,0.0,1.2E-5,8.2E-4,2.0E-4,8.0E-5,0.0051,0.0088,0.0037,3.6E-4,0.0048,0.0,2.4E-5,1.4,0.059,0.38,0.015,0.25,0.028,4.0E-4,8.0E-4
Espadarte cru,Peixe produtos da pesca,97.0,2.9,0.7,1.2,0.5,0.0,0.0,0.0,0.0,0.0,0.0,0.0,17.8,0.18,0.0,0.045,0.0,0.0,1.3E-6,9.0E-5,1.1E-4,4.0E-5,0.0041,0.0074,0.0033,4.7E-4,0.0014,0.0,1.4E-5,1.3,0.072,0.39,0.005,0.26,0.03,6.0E-4,9.0E-4
Garoupa crua,Peixe produtos da pesca,95.0,1.4,0.3,0.3,0.4,0.0,0.0,0.0,0.0,0.0,0.0,0.0,20.5,0.32,0.0,0.037,0.05,0.0,7.0E-6,0.0026,3.0E-5,5.0E-5,0.0011,0.0049,0.0038,3.0E-4,0.001,0.0,6.0E-6,1.4,0.13,0.3,0.018,0.16,0.031,6.0E-4,5.0E-4
Goraz cru,Peixe produtos da pesca,100.0,2.7,0.7,0.8,0.8,0.0,0.0,0.0,0.0,0.0,0.0,0.0,18.8,0.25,0.0,0.036,0.019,0.0,1.5E-5,7.0E-4,5.0E-5,7.0E-5,0.0026,0.0061,0.0035,4.1E-4,0.001,0.0,1.5E-5,1.5,0.1,0.37,0.007,0.26,0.032,4.0E-4,7.0E-4
Imperador cru,Peixe produtos da pesca,80.0,0.4,0.1,0.1,0.1,0.0,0.0,0.0,0.0,0.0,0.0,0.0,19.0,0.18,0.0,0.032,0.01,0.0,2.7E-6,6.2E-4,1.0E-4,2.0E-5,0.0039,0.0074,0.0035,1.2E-4,3.6E-4,0.0,1.1E-5,1.1,0.072,0.32,0.014,0.21,0.032,2.0E-4,4.0E-4
Lagostim cru,Peixe produtos da pesca,89.0,0.5,0.1,0.1,0.2,0.0,0.0,0.2,0.0,0.0,0.2,0.0,20.9,0.8,0.0,0.068,0.0,0.0,0.0,9.0E-4,9.0E-5,4.0E-5,0.002,0.0059,0.0039,8.0E-5,0.001,0.0,1.1E-5,2.1,0.32,0.19,0.037,0.2,0.042,0.001,0.0015
Linguado cru,Peixe produtos da pesca,82.0,0.2,0.0,0.0,0.1,0.0,0.0,0.0,0.0,0.0,0.0,0.0,20.1,0.22,0.0,0.044,0.004,0.0,9.4E-6,3.2E-4,9.0E-5,1.3E-4,0.0028,0.0066,0.0038,3.3E-4,9.4E-4,0.0,1.0E-5,1.4,0.088,0.39,0.021,0.22,0.033,3.0E-4,6.0E-4
Lula crua,Peixe produtos da pesca,71.0,0.9,0.2,0.1,0.4,0.0,0.0,0.0,0.0,0.0,0.0,0.0,15.8,0.5,0.0,0.14,0.01,0.0,3.5E-6,0.0012,7.0E-5,2.0E-5,0.001,0.0044,0.0034,5.0E-5,0.0011,0.0,7.1E-6,1.3,0.2,0.22,0.018,0.26,0.049,3.0E-4,0.001
Maruca crua,Peixe produtos da pesca,70.0,0.1,0.0,0.0,0.1,0.0,0.0,0.0,0.0,0.0,0.0,0.0,17.2,0.3,0.0,0.028,0.009,0.0,4.0E-7,1.3E-4,4.0E-5,2.0E-5,6.7E-4,0.0039,0.0032,7.0E-5,4.8E-4,0.0,6.8E-6,1.0,0.12,0.26,0.025,0.18,0.025,2.0E-4,7.0E-4
Mexilhão cru,Peixe produtos da pesca,70.0,1.5,0.3,0.3,0.5,0.0,0.0,2.0,0.0,0.0,2.0,0.0,12.1,0.72,0.0,0.04,0.36,0.0,0.0,7.4E-4,1.0E-4,1.4E-4,0.0012,0.0038,0.0026,8.0E-5,0.019,0.0,3.7E-5,2.1,0.29,0.28,0.056,0.24,0.036,0.0035,0.0041
Ostra crua,Peixe produtos da pesca,65.0,1.7,0.3,0.3,0.5,0.0,0.0,3.9,0.0,0.0,3.9,0.0,8.6,0.92,0.0,0.053,0.085,0.0,0.0,8.5E-4,1.5E-4,1.9E-4,0.0019,0.0037,0.0018,1.3E-4,0.014,0.0,1.1E-5,2.7,0.37,0.26,0.066,0.14,0.036,0.008,0.091
Pargo legítimo cru,Peixe produtos da pesca,79.0,0.2,0.0,0.0,0.1,0.0,0.0,0.0,0.0,0.0,0.0,0.0,19.4,0.16,0.0,0.038,0.006,0.0,9.0E-6,4.5E-4,2.5E-4,2.0E-5,0.0048,0.0084,0.0036,5.0E-4,0.0021,0.0,1.0E-5,1.3,0.065,0.45,0.007,0.26,0.036,7.0E-4,7.0E-4
Pargo mulato cru,Peixe produtos da pesca,80.0,0.7,0.1,0.1,0.2,0.0,0.0,0.0,0.0,0.0,0.0,0.0,18.5,0.2,0.0,0.034,0.006,0.0,9.0E-7,0.0019,1.3E-4,6.0E-5,0.0016,0.0051,0.0035,2.2E-4,0.0013,0.0,7.0E-6,1.1,0.081,0.32,0.012,0.18,0.028,5.0E-4,8.0E-4
Peixe-espada-branco cru,Peixe produtos da pesca,117.0,4.0,1.0,1.7,0.8,0.0,0.0,0.0,0.0,0.0,0.0,0.0,20.3,0.19,0.0,0.038,0.017,0.0,1.1E-6,0.0012,5.0E-5,6.0E-5,0.0036,0.0074,0.0038,1.9E-4,0.0022,0.0,3.0E-5,1.3,0.077,0.25,0.016,0.18,0.026,4.0E-4,6.0E-4
Peixe-espada-preto cru,Peixe produtos da pesca,88.0,2.8,0.5,1.6,0.2,0.0,0.0,0.0,0.0,0.0,0.0,0.0,15.7,0.35,0.0,0.024,0.023,0.0,2.1E-6,0.0011,1.0E-5,4.0E-5,0.0018,0.0047,0.0029,1.6E-4,0.0017,0.0,8.3E-6,1.2,0.14,0.33,0.014,0.18,0.029,1.0E-4,5.0E-4
Pescada crua  valor médio ,Peixe produtos da pesca,83.0,1.4,0.2,0.4,0.4,0.0,0.0,0.0,0.0,0.0,0.0,0.0,17.6,0.25,0.0,0.019,0.01,0.0,1.4E-6,5.0E-4,7.0E-5,4.0E-5,0.0011,0.0044,0.0033,6.0E-5,7.2E-4,0.0,1.8E-5,1.3,0.1,0.36,0.031,0.19,0.031,3.0E-4,6.0E-4
Pescada da África do Sul crua,Peixe produtos da pesca,80.0,1.3,0.2,0.4,0.4,0.0,0.0,0.0,0.0,0.0,0.0,0.0,17.2,0.3,0.0,0.019,0.007,0.0,1.1E-6,4.0E-4,5.0E-5,4.0E-5,8.6E-4,0.0041,0.0032,4.0E-5,6.0E-4,0.0,1.3E-5,1.3,0.12,0.33,0.02,0.18,0.037,3.0E-4,6.0E-4
Pescada do Chile crua,Peixe produtos da pesca,86.0,1.5,0.3,0.4,0.4,0.0,0.0,0.0,0.0,0.0,0.0,0.0,18.0,0.21,0.0,0.019,0.005,0.0,1.3E-6,6.9E-4,1.0E-4,5.0E-5,0.0013,0.0047,0.0034,9.0E-5,8.4E-4,0.0,2.2E-5,1.3,0.085,0.38,0.043,0.2,0.026,3.0E-4,5.0E-4
Pescada europeia crua,Peixe produtos da pesca,75.0,0.8,0.1,0.1,0.3,0.1,0.0,0.0,0.0,0.0,0.0,0.0,17.0,0.17,0.0,0.019,0.003,0.0,5.6E-6,2.4E-4,2.0E-5,4.0E-5,0.0012,0.0044,0.0032,4.0E-5,6.3E-4,0.0,2.7E-5,1.1,0.069,0.41,0.015,0.22,0.026,5.0E-4,7.0E-4
Polvo cozido sem sal,Peixe produtos da pesca,102.0,1.3,0.3,0.1,0.6,0.0,0.0,0.0,0.0,0.0,0.0,0.0,22.7,0.45,0.0,0.105,0.007,0.0,0.0,0.0021,1.0E-5,4.0E-5,0.0025,0.0076,0.0051,5.0E-5,0.0017,0.0,1.3E-5,1.2,0.18,0.16,0.026,0.18,0.049,5.0E-4,0.0024
Polvo cru,Peixe produtos da pesca,73.0,1.2,0.3,0.1,0.6,0.0,0.0,0.0,0.0,0.0,0.0,0.0,15.6,0.65,0.0,0.064,0.003,0.0,0.0,7.3E-4,2.0E-5,4.0E-5,0.0013,0.0046,0.0033,7.0E-5,0.0013,0.0,1.2E-5,0.9,0.26,0.24,0.013,0.16,0.043,7.0E-4,0.0013
Raia crua,Peixe produtos da pesca,58.0,0.2,0.0,0.0,0.1,0.0,0.0,0.0,0.0,0.0,0.0,0.0,14.1,0.55,0.0,0.039,0.002,0.0,4.0E-7,2.4E-4,3.0E-5,3.0E-5,0.0017,0.0043,0.0026,1.9E-4,4.7E-4,0.0,1.2E-5,1.9,0.22,0.26,0.16,0.32,0.028,3.0E-4,8.0E-4
Redfish cru,Peixe produtos da pesca,100.0,2.9,0.5,0.9,0.5,0.4,0.0,0.0,0.0,0.0,0.0,0.0,18.6,0.2,0.0,0.042,0.02,0.0,2.3E-6,0.0012,1.3E-4,9.0E-5,0.0028,0.0063,0.0035,1.8E-4,0.0023,0.0,6.0E-6,1.2,0.078,0.3,0.015,0.2,0.029,6.0E-4,6.0E-4
Robalo cru,Peixe produtos da pesca,145.0,7.9,1.8,2.0,1.7,0.4,0.0,0.0,0.0,0.0,0.0,0.0,18.5,0.24,0.0,0.052,0.036,0.0,5.0E-6,1.7E-4,2.6E-4,8.0E-5,0.0027,0.0062,0.0035,4.9E-4,0.0013,0.0,9.5E-6,1.7,0.095,0.35,0.052,0.23,0.038,4.0E-4,0.0012
Safio,Peixe produtos da pesca,88.0,3.2,0.6,2.2,0.4,0.208,0.0,7.5,1.9,0.2,5.3,1.3,5.5,0.78,0.0,0.011,0.116,0.323,2.1E-5,0.00115,1.4E-4,3.0E-5,0.0011,0.00213,0.00103,3.5E-4,7.0E-5,0.0241,3.2E-5,1.57,0.31,0.38,0.056,0.082,0.021,7.0E-4,5.0E-4
Safio cru,Peixe produtos da pesca,109.0,4.2,1.2,2.1,0.8,0.0,0.0,0.0,0.0,0.0,0.0,0.0,17.7,0.21,0.0,0.049,0.267,0.0,9.1E-5,0.0015,4.0E-5,5.0E-5,0.0015,0.0048,0.0033,5.5E-4,3.0E-4,0.0,1.3E-5,1.0,0.084,0.34,0.13,0.22,0.028,2.0E-4,0.0011
Salmão cru,Peixe produtos da pesca,262.0,21.9,4.2,10.0,5.1,0.7,0.0,0.0,0.0,0.0,0.0,0.0,16.2,0.095,0.0,0.04,0.033,0.0,1.1E-5,0.004,1.8E-4,4.0E-5,0.0036,0.0066,0.003,4.5E-4,0.0019,0.0,1.0E-5,1.3,0.038,0.3,0.012,0.21,0.023,5.0E-4,5.0E-4
Sarda crua,Peixe produtos da pesca,181.0,11.7,3.1,3.8,3.5,0.2,0.3,0.0,0.0,0.0,0.0,0.0,19.0,0.19,0.0,0.045,0.064,0.0,9.3E-6,0.0015,1.1E-4,1.9E-4,0.0058,0.0093,0.0035,4.3E-4,0.0084,0.0,1.5E-5,1.3,0.076,0.37,0.056,0.27,0.03,1.0E-4,0.0027
Sardinha gorda crua,Peixe produtos da pesca,221.0,16.4,4.7,4.0,5.6,0.5,0.5,0.0,0.0,0.0,0.0,0.0,18.4,0.16,0.0,0.02,0.047,0.0,2.1E-5,6.6E-4,1.0E-5,8.0E-5,0.0044,0.0078,0.0034,5.7E-4,0.01,0.0,1.5E-5,1.7,0.065,0.37,0.072,0.31,0.031,0.001,0.0016
Sardinha meio gorda crua,Peixe produtos da pesca,158.0,9.1,2.5,2.2,3.3,0.2,0.3,0.0,0.0,0.0,0.0,0.0,18.9,0.16,0.0,0.028,0.012,0.0,1.7E-5,2.5E-4,1.0E-5,1.4E-4,0.0062,0.0097,0.0035,4.1E-4,0.01,0.0,2.4E-5,1.6,0.065,0.4,0.07,0.3,0.029,0.0017,0.0017
Solha crua,Peixe produtos da pesca,90.0,1.6,0.3,0.4,0.4,0.0,0.0,0.0,0.0,0.0,0.0,0.0,19.0,0.28,0.0,0.085,0.0,0.0,1.0E-5,3.5E-4,1.2E-4,5.0E-5,5.1E-4,0.004,0.0035,1.3E-4,0.0015,0.0,8.5E-6,1.0,0.11,0.23,0.054,0.17,0.029,4.0E-4,6.0E-4
Tamboril cru,Peixe produtos da pesca,73.0,0.2,0.0,0.0,0.1,0.0,0.0,0.0,0.0,0.0,0.0,0.0,17.9,0.22,0.0,0.042,0.024,0.0,0.0,2.3E-4,4.0E-5,2.0E-5,0.002,0.0053,0.0033,5.0E-5,2.6E-4,0.0,7.3E-6,1.1,0.086,0.33,0.007,0.21,0.027,2.0E-4,5.0E-4
Truta arco-íris crua,Peixe produtos da pesca,92.0,2.3,0.5,0.5,0.9,0.2,0.0,0.0,0.0,0.0,0.0,0.0,17.8,0.1,0.0,0.038,0.009,0.0,1.9E-5,1.3E-4,9.0E-5,4.0E-5,0.004,0.0073,0.0033,2.8E-4,0.0019,0.0,8.2E-6,1.3,0.041,0.4,0.02,0.24,0.024,2.0E-4,6.0E-4
Abóbora crua,Produtos hortícolas,11.0,0.2,0.1,0.0,0.0,0.0,0.0,1.7,1.4,0.0,0.3,0.7,0.3,0.0025,0.0,0.0,0.16,0.962,0.0,0.001,1.0E-5,1.0E-5,6.0E-4,6.0E-4,0.0,4.0E-5,0.0,0.012,8.0E-6,0.4,0.001,0.2,0.025,0.005,0.005,1.0E-4,1.0E-4
Agrião cru,Produtos hortícolas,29.0,0.9,0.3,0.1,0.4,0.1,0.0,0.4,0.4,0.0,0.0,3.0,3.4,0.12,0.0,0.0,0.325,1.95,0.0,0.0015,9.0E-5,7.0E-5,6.0E-4,0.0011,5.0E-4,2.3E-4,0.0,0.077,2.0E-4,1.15,0.049,0.23,0.2,0.056,0.015,0.0017,2.0E-4
Aipo cru,Produtos hortícolas,15.0,0.1,0.0,0.0,0.1,0.1,0.0,1.5,1.5,0.0,0.0,2.0,1.1,0.25,0.0,0.0,0.0,0.0,0.0,2.0E-4,5.0E-5,4.0E-5,3.0E-4,4.0E-4,1.0E-4,7.0E-5,0.0,0.008,1.6E-5,0.94,0.1,0.3,0.055,0.032,0.013,6.0E-4,1.0E-4
Alcachofra crua,Produtos hortícolas,51.0,0.2,0.0,0.0,0.1,0.1,0.0,6.8,2.7,0.0,4.1,5.0,3.0,0.21,0.0,0.0,0.02,0.12,0.0,2.0E-4,8.0E-5,3.0E-5,8.0E-4,0.0013,5.0E-4,1.0E-4,0.0,0.009,7.4E-5,0.85,0.084,0.35,0.04,0.09,0.049,0.001,5.0E-4
Alface crua,Produtos hortícolas,15.0,0.2,0.0,0.0,0.1,0.0,0.0,0.8,0.8,0.0,0.0,1.3,1.8,0.0075,0.0,0.0,0.115,0.688,0.0,6.0E-4,6.0E-5,2.0E-5,4.0E-4,5.0E-4,1.0E-4,4.0E-5,0.0,0.004,5.5E-5,0.65,0.003,0.31,0.07,0.046,0.022,0.0015,4.0E-4
Alho francês cru,Produtos hortícolas,26.0,0.3,0.1,0.0,0.2,0.1,0.0,2.9,2.2,0.4,0.3,2.4,1.8,0.01,0.0,0.0,0.124,0.745,0.0,6.7E-4,2.9E-4,5.0E-5,4.0E-4,6.0E-4,2.0E-4,4.8E-4,0.0,0.02,8.7E-5,0.86,0.004,0.24,0.024,0.044,0.011,0.001,2.0E-4
Beringela crua,Produtos hortícolas,21.0,0.2,0.0,0.0,0.1,0.0,0.0,2.4,2.2,0.0,0.2,2.5,1.1,0.0075,0.2,0.0,0.009,0.051,0.0,3.0E-5,5.0E-5,3.0E-5,5.0E-4,7.0E-4,2.0E-4,8.0E-5,0.0,0.004,2.0E-5,0.6,0.003,0.23,0.017,0.026,0.012,4.0E-4,2.0E-4
Beterraba crua,Produtos hortícolas,23.0,0.0,0.0,0.0,0.0,0.0,0.0,3.5,3.5,0.0,0.0,2.6,1.0,0.18,0.0,0.0,0.003,0.016,0.0,0.0,4.0E-5,2.0E-5,2.0E-4,4.0E-4,2.0E-4,4.0E-5,0.0,0.015,1.1E-4,0.59,0.07,0.34,0.017,0.025,0.019,8.0E-4,4.0E-4
Brócolos crus,Produtos hortícolas,32.0,0.8,0.1,0.0,0.4,0.1,0.0,1.5,1.2,0.2,0.1,2.6,3.4,0.02,0.0,0.0,0.178,1.07,0.0,0.001,1.0E-4,6.0E-5,0.001,0.0016,6.0E-4,1.4E-4,0.0,0.041,9.0E-5,0.97,0.008,0.37,0.067,0.05,0.022,0.0013,6.0E-4
Cebola crua,Produtos hortícolas,20.0,0.2,0.0,0.0,0.2,0.1,0.0,3.1,2.2,0.9,0.0,1.3,0.9,0.025,0.0,0.0,0.0,0.0,0.0,3.0E-4,1.3E-4,1.0E-5,6.0E-4,7.0E-4,1.0E-4,2.0E-4,0.0,0.008,1.7E-5,0.7,0.01,0.21,0.031,0.03,0.012,5.0E-4,3.0E-4
Cenoura crua,Produtos hortícolas,25.0,0.0,0.0,0.0,0.0,0.0,0.0,4.4,4.1,0.1,0.2,2.6,0.6,0.14,0.0,0.0,0.933,5.6,0.0,5.0E-4,5.0E-5,2.0E-5,9.0E-4,0.001,1.0E-4,7.0E-5,0.0,0.003,2.8E-5,0.6,0.058,0.31,0.041,0.033,0.007,7.0E-4,1.0E-4
Chicória crua,Produtos hortícolas,14.0,0.1,0.0,0.0,0.1,0.0,0.0,0.9,0.9,0.0,0.0,2.6,1.0,0.01,0.0,0.0,0.02,0.12,0.0,0.0,6.0E-5,9.0E-5,3.0E-4,4.0E-4,1.0E-4,5.0E-5,0.0,0.002,1.4E-5,0.37,0.004,0.17,0.03,0.023,0.006,3.0E-4,1.0E-4
Cogumelos crus,Produtos hortícolas,18.0,0.5,0.1,0.0,0.2,0.2,0.0,0.5,0.3,0.0,0.2,2.3,1.8,0.012,0.0,0.0,0.0,0.0,0.0,1.0E-4,9.0E-5,3.1E-4,0.0032,0.0035,3.0E-4,1.8E-4,0.0,0.001,4.4E-5,0.9,0.005,0.32,0.006,0.08,0.009,6.0E-4,4.0E-4
Courgette crua,Produtos hortícolas,19.0,0.3,0.1,0.0,0.1,0.1,0.0,2.0,1.9,0.0,0.1,1.0,1.6,0.0075,0.0,0.0,0.055,0.332,0.0,0.0,1.1E-4,4.0E-5,4.0E-4,7.0E-4,3.0E-4,1.2E-4,0.0,0.017,4.1E-5,0.6,0.003,0.25,0.022,0.033,0.02,8.0E-4,3.0E-4
Couve branca crua,Produtos hortícolas,28.0,0.4,0.1,0.0,0.2,0.1,0.0,3.5,3.4,0.0,0.1,2.4,1.4,0.018,0.0,0.0,0.007,0.04,0.0,2.0E-4,1.2E-4,1.0E-5,3.0E-4,6.0E-4,3.0E-4,1.8E-4,0.0,0.04,3.4E-5,0.5,0.007,0.24,0.05,0.038,0.006,6.0E-4,2.0E-4
Couve de Bruxelas crua,Produtos hortícolas,50.0,1.4,0.3,0.1,0.7,0.2,0.0,4.0,3.1,0.2,0.7,3.8,3.5,0.015,0.0,0.0,0.036,0.215,0.0,0.001,1.5E-4,1.1E-4,2.0E-4,9.0E-4,7.0E-4,3.7E-4,0.0,0.115,1.4E-4,1.4,0.006,0.45,0.026,0.077,0.008,7.0E-4,5.0E-4
Couve galega crua,Produtos hortícolas,32.0,0.4,0.1,0.0,0.3,0.3,0.0,3.1,2.7,0.0,0.4,3.1,2.4,0.052,0.0,0.0,0.414,2.49,0.0,2.0E-4,2.1E-4,1.1E-4,0.0015,0.002,5.0E-4,1.5E-4,0.0,0.148,7.8E-5,2.2,0.021,0.18,0.29,0.04,0.018,0.001,5.0E-4
Couve lombarda crua,Produtos hortícolas,26.0,0.2,0.0,0.0,0.1,0.1,0.0,2.1,2.0,0.0,0.1,3.1,2.4,0.022,0.0,0.0,0.166,0.995,0.0,2.0E-4,1.5E-4,3.0E-5,7.0E-4,0.0011,4.0E-4,1.5E-4,0.0,0.067,1.5E-4,1.04,0.009,0.25,0.051,0.064,0.012,5.0E-4,3.0E-4
Couve portuguesa crua,Produtos hortícolas,31.0,0.4,0.0,0.0,0.3,0.2,0.0,3.5,3.4,0.0,0.1,2.4,2.2,0.038,0.0,0.0,0.233,1.4,0.0,2.0E-4,1.2E-4,6.0E-5,7.0E-4,0.0011,4.0E-4,1.3E-4,0.0,0.09,7.8E-5,0.8,0.015,0.27,0.076,0.065,0.028,0.001,4.0E-4
Couve roxa crua,Produtos hortícolas,30.0,0.0,0.0,0.0,0.0,0.0,0.0,3.9,3.3,0.5,0.1,3.3,2.0,0.028,0.0,0.0,0.003,0.015,0.0,2.0E-4,2.0E-5,1.0E-5,4.0E-4,7.0E-4,3.0E-4,9.0E-5,0.0,0.057,3.9E-5,0.48,0.011,0.25,0.06,0.028,0.009,5.0E-4,1.0E-4
Couve-flor crua,Produtos hortícolas,34.0,0.2,0.0,0.0,0.1,0.0,0.0,3.3,2.8,0.1,0.4,1.9,3.7,0.035,0.0,0.0,0.005,0.03,0.0,2.2E-4,1.7E-4,7.0E-5,6.0E-4,0.0015,9.0E-4,2.8E-4,0.0,0.073,6.6E-5,0.95,0.014,0.38,0.021,0.034,0.022,5.0E-4,7.0E-4
Espargos crus,Produtos hortícolas,22.0,0.0,0.0,0.0,0.0,0.0,0.0,2.7,2.6,0.0,0.1,1.5,2.1,0.005,0.0,0.0,0.067,0.4,0.0,0.0012,1.6E-4,7.0E-5,0.001,0.0014,4.0E-4,9.0E-5,0.0,0.01,1.8E-4,0.8,0.002,0.26,0.023,0.068,0.015,7.0E-4,6.0E-4
Espinafres crus,Produtos hortícolas,27.0,0.9,0.1,0.0,0.4,0.1,0.0,0.8,0.7,0.0,0.1,2.6,2.6,0.42,0.0,0.0,0.55,3.3,0.0,0.0017,7.0E-5,1.8E-4,4.0E-4,0.0011,7.0E-4,1.7E-4,0.0,0.035,1.5E-4,1.3,0.17,0.47,0.1,0.045,0.054,0.0024,9.0E-4
Grelos de couve crus,Produtos hortícolas,28.0,0.4,0.1,0.0,0.3,0.3,0.0,2.5,2.1,0.2,0.2,2.6,2.4,0.048,0.0,0.0,0.18,1.08,0.0,0.0013,7.0E-5,9.0E-5,7.0E-4,0.0011,4.0E-4,1.4E-4,0.0,0.079,9.0E-5,1.04,0.019,0.23,0.15,0.051,0.02,6.0E-4,7.0E-4
Grelos de nabo crus,Produtos hortícolas,28.0,0.5,0.1,0.0,0.3,0.3,0.0,2.3,1.9,0.2,0.2,2.6,2.4,0.048,0.0,0.0,0.204,1.23,0.0,0.0013,1.0E-4,7.0E-5,0.001,0.0014,4.0E-4,1.4E-4,0.0,0.084,9.0E-5,0.81,0.019,0.23,0.13,0.043,0.02,5.0E-4,4.0E-4
Nabo cru,Produtos hortícolas,21.0,0.4,0.0,0.0,0.2,0.0,0.0,3.0,2.9,0.0,0.1,2.0,0.4,0.05,0.0,0.0,0.003,0.02,0.0,0.0,5.0E-5,2.0E-5,9.0E-4,0.001,1.0E-4,8.0E-5,0.0,0.018,1.4E-5,0.7,0.02,0.24,0.012,0.007,0.01,2.0E-4,1.0E-4
Pepino cru,Produtos hortícolas,19.0,0.6,0.2,0.0,0.2,0.1,0.0,1.7,1.6,0.0,0.1,0.7,1.4,0.0075,0.0,0.0,0.006,0.035,0.0,7.0E-5,2.0E-5,1.0E-5,6.0E-4,7.0E-4,1.0E-4,5.0E-5,0.0,0.003,9.0E-6,0.3,0.003,0.14,0.01,0.018,0.008,5.0E-4,1.0E-4
Pimento cru,Produtos hortícolas,27.0,0.6,0.1,0.0,0.3,0.3,0.0,2.7,2.5,0.1,0.1,2.0,1.6,0.01,0.0,0.0,0.217,1.3,0.0,8.0E-4,2.0E-5,1.0E-5,6.0E-4,8.0E-4,2.0E-4,3.1E-4,0.0,0.09,2.8E-5,0.4,0.004,0.12,0.009,0.024,0.01,6.0E-4,2.0E-4
Tomate cru,Produtos hortícolas,22.0,0.3,0.0,0.1,0.2,0.2,0.0,3.5,3.5,0.0,0.0,1.3,0.8,0.032,0.0,0.0,0.085,0.51,0.0,0.0012,5.0E-5,3.0E-5,6.0E-4,7.0E-4,1.0E-4,1.4E-4,0.0,0.02,1.7E-5,0.54,0.013,0.25,0.011,0.017,0.011,7.0E-4,1.0E-4
Óleo de Côco,Gorduras e óleos animais e vegetais,862.0,100.0,86.0,6.0,2.0,2.0,0.0,0.0,0.0,0.0,0.0,0.0,0.0,0.0,0.0,0.0,0.0,0.0,0.0,0.0,0.0,0.0,0.0,0.0,0.0,0.0,0.0,0.0,0.0,0.0,0.0,0.0,0.0,0.0,0.0,0.0,0.0
Iogurte Grego Natural Mimosa,Leite e produtos lácteos,107.0,7.0,4.7,2.3,0.0,0.0,0.0,5.6,5.6,0.0,0.0,0.0,4.6,0.18,0.2,0.002,0.017,0.01,0.0,0.0,4.0E-5,2.7E-4,4.0E-4,0.0012,0.001,3.0E-5,0.0,0.0,1.5E-6,0.75,0.072,0.2,0.139,0.12,0.014,2.0E-4,6.0E-4
Sopa Legumes,Prato Composto,26.03273495,0.313727561,0.074656811,0.021119324,0.096304118,0.049313622,0.0,2.071805702,1.878880676,0.019007392,0.173917635,1.154171067,3.199788807,0.08031679,0.0,0.00280887,0.284762408,1.707374868,8.28E-7,6.85E-4,4.12E-5,3.23E-5,7.02E-4,0.001289229,5.87E-4,7.24E-5,9.31E-5,0.011160507,2.87E-5,0.634741288,0.032783527,0.278827878,0.029550158,0.049684266,0.014118268,5.57E-4,2.67E-4
Chocolate 90% cacau,Doces,649.0,58.0,36.0,0.0,0.0,0.0,0.0,16.0,11.0,0.0,0.0,5.0,9.6,0.0,0.0,0.0,0.0,0.0,0.0,0.0,0.0,0.0,0.0,0.0,0.0,0.0,0.0,0.0,0.0,0.0,0.0,0.0,0.0,0.0,0.0,0.0,0.0
Açúcar branco,Doces,397.0,0.0,0.0,0.0,0.0,0.0,0.0,99.3,99.3,0.0,0.0,0.0,0.0,0.0,0.0,0.0,0.0,0.0,0.0,0.0,0.0,0.0,0.0,0.0,0.0,0.0,0.0,0.0,0.0,0.15,0.0,0.002,0.002,0.0,0.0,0.0,0.0
Gelatina desidratada  pó ou folha ,Doces,349.0,0.1,0.0,0.0,0.0,0.0,0.0,0.0,0.0,0.0,0.0,0.0,87.0,0.08,0.0,0.0,0.0,0.0,0.0,0.0,0.0,0.0,0.0,0.0,0.0,0.0,0.0,0.0,0.0,1.3,0.032,0.016,0.011,0.032,0.011,0.0,2.0E-4
Mel,Doces,314.0,0.0,0.0,0.0,0.0,0.0,0.0,78.0,78.0,0.0,0.0,0.0,0.5,0.03,0.0,0.0,0.0,0.0,0.0,0.0,1.0E-5,4.0E-5,3.0E-4,3.0E-4,0.0,2.0E-4,0.0,0.0,0.0,0.16,0.012,0.051,0.0,0.01,0.002,4.0E-4,9.0E-4
Pastilha elástica,Doces,328.0,0.0,0.0,0.0,0.0,0.0,0.0,75.1,73.4,0.0,1.7,0.0,6.9,0.08,0.0,0.0,0.0,0.0,0.0,0.0,0.0,0.0,0.0,0.0,0.0,0.0,0.0,0.0,0.0,0.3,0.032,0.009,0.005,0.004,0.002,1.0E-4,0.0
Cerveja branca,Bebidas alcoólicas,30.0,0.0,0.0,0.0,0.0,0.0,0.0,0.5,0.5,0.0,0.0,0.0,0.4,0.028,0.0,0.0,0.0,0.0,0.0,0.0,2.0E-5,1.0E-5,5.0E-4,5.0E-4,0.0,1.0E-5,1.4E-4,0.0,4.1E-6,0.16,0.011,0.052,0.009,0.017,0.011,3.0E-4,0.0
Vinho espumante doce,Bebidas alcoólicas,110.0,0.0,0.0,0.0,0.0,0.0,0.0,12.0,12.0,0.0,0.0,0.0,0.1,0.01,0.0,0.0,0.0,0.0,0.0,0.0,0.0,0.0,1.0E-4,1.0E-4,0.0,2.0E-5,0.0,0.0,0.0,0.2,0.004,0.051,0.015,0.01,0.008,8.0E-4,0.0
Vinho generoso do Porto doce,Bebidas alcoólicas,165.0,0.0,0.0,0.0,0.0,0.0,0.0,14.0,14.0,0.0,0.0,0.0,0.1,0.028,0.0,0.0,0.0,0.0,0.0,0.0,1.0E-5,2.0E-5,1.0E-4,1.0E-4,0.0,1.0E-5,0.0,0.0,0.0,0.25,0.011,0.12,0.005,0.015,0.011,7.0E-4,2.0E-4
Vinho maduro tinto,Bebidas alcoólicas,66.0,0.0,0.0,0.0,0.0,0.0,0.0,0.2,0.2,0.0,0.0,0.0,0.1,0.022,0.0,0.0,0.0,0.0,0.0,0.0,0.0,2.0E-5,1.0E-4,1.0E-4,0.0,3.0E-5,0.0,0.0,0.0,0.28,0.009,0.13,0.015,0.009,0.009,0.001,1.0E-4
Vinho rosé,Bebidas alcoólicas,72.0,0.0,0.0,0.0,0.0,0.0,0.0,2.4,2.4,0.0,0.0,0.0,0.2,0.018,0.0,0.0,0.0,0.0,0.0,0.0,1.0E-5,1.0E-5,7.0E-5,7.0E-5,0.0,2.0E-5,0.0,0.0,0.0,0.28,0.007,0.091,0.014,0.015,0.01,0.001,1.0E-4
Vinho verde branco,Bebidas alcoólicas,59.0,0.0,0.0,0.0,0.0,0.0,0.0,0.1,0.1,0.0,0.0,0.0,0.0,0.028,0.0,0.0,0.0,0.0,0.0,0.0,1.0E-5,1.0E-5,1.0E-4,1.0E-4,0.0,1.0E-5,0.0,0.0,0.0,0.15,0.011,0.084,0.01,0.006,0.006,6.0E-4,2.0E-4
Cacau em pó,Doces,358.0,23.4,13.8,7.8,0.6,0.6,0.0,11.1,0.0,0.0,11.1,12.1,19.6,0.085,0.0,0.0,0.0,0.0,0.0,5.0E-4,1.2E-4,3.0E-4,0.0031,0.0066,0.0035,1.1E-4,0.0,0.0,3.4E-5,4.4,0.034,1.84,0.11,0.55,0.41,0.0058,0.0019
Chocolate de leite,Doces,552.0,33.9,19.8,10.1,1.0,1.0,0.2,53.1,53.1,0.0,0.0,1.3,8.0,0.3,0.0,0.03,0.007,0.04,0.0,7.4E-4,2.0E-4,4.6E-4,0.002,0.0033,0.0013,7.0E-5,0.0,0.0,1.0E-5,2.06,0.12,0.42,0.19,0.23,0.055,0.0012,2.0E-4
Chocolate em barra culinária,Doces,502.0,30.5,19.3,10.2,1.0,1.0,0.0,44.0,44.0,0.0,0.0,15.0,5.4,0.042,0.0,0.0,0.006,0.038,0.0,5.0E-4,6.0E-5,1.0E-4,5.0E-4,0.0013,8.0E-4,5.0E-5,0.0,0.0,6.0E-6,1.2,0.017,0.38,0.043,0.16,0.11,0.0029,0.002
Carne de Porco com natas e legumes (out 2018),Prato Composto,146.8908297,10.13275109,5.487336245,2.296943231,0.735371179,0.579039301,0.209606987,0.863755459,0.808733624,0.026200873,0.028820961,0.749344978,12.80174672,0.148995633,0.0,0.043318777,0.206550218,0.70209607,3.49E-7,9.92E-4,3.94E-4,1.5E-4,0.003023581,0.005744978,0.002721397,2.79E-4,5.54E-4,0.010873362,3.85E-5,0.977729258,0.060436681,0.349082969,0.038820961,0.137991266,0.024296943,8.97E-4,0.00109345
Chouriço de carne (porco),Carne e produtos cárneos,388.0,34.0,13.0,0.0,0.0,0.0,0.0,0.6,0.0,0.0,0.0,0.0,20.0,3.7,0.0,0.0,0.0,0.0,0.0,0.0,0.0,0.0,0.0,0.0,0.0,0.0,0.0,0.0,0.0,0.0,0.0,0.0,0.0,0.0,0.0,0.0,0.0
Atum em lata(azeite - escorrido),Peixe produtos da pesca,238.0,15.0,2.0,13.0,0.0,0.0,0.0,0.0,0.0,0.0,0.0,0.0,25.0,1.5,0.0,0.0,0.0,0.0,0.0,0.0,0.0,0.0,0.0,0.0,0.0,0.0,0.0,0.0,0.0,0.0,0.0,0.0,0.0,0.0,0.0,0.0,0.0
FatHead Pizza (chouriço cogumelos) 425g dose,Prato Composto,244.5953757,17.28786127,5.274566474,6.271098266,3.039884393,2.689595376,0.277456647,2.23583815,1.958381503,0.0,0.242774566,1.710982659,19.18265896,1.608265896,0.0,0.044763006,0.144520231,0.198843931,1.08E-7,0.003979769,5.69E-5,2.99E-4,6.8E-4,0.004736416,0.00405896,1.06E-4,9.17E-4,0.004624277,2.85E-5,3.11849711,0.556878613,0.236242775,0.450427746,0.339768786,0.059982659,0.001199422,0.003109249
Moelas,Prato Composto,161.12280701754386,10.615789473684211,2.7280701754385963,5.792982456140352,1.305263157894737,1.2350877192982457,0.03508771929824561,0.7368421052631579,0.7368421052631579,0.0,0.0,0.2736842105263158,15.60701754385965,0.1615614035087719,0.0,0.0773684210526316,0.03271929824561403,0.10736842105263157,1.4035087719298244E-7,4.5964912280701756E-4,1.087719298245614E-4,1.6070175438596493E-4,0.004266666666666667,0.007164912280701755,0.0028982456140350878,2.2596491228070174E-4,7.017543859649123E-4,0.004210526315789474,9.894736842105262E-6,0.971578947368421,0.06607017543859649,0.32640350877192986,0.015035087719298247,0.13717543859649123,0.02073684210526316,9.982456140350874E-4,8.017543859649123E-4
