Nome do alimento,Grupo,Energia,Lípidos (FAT),Ácidos gordos saturados (FASAT),Ácidos gordos monoinsaturados (FAMS),Ácidos gordos polinsaturados (FAPU),Ácido linoleico (F18:2CN6),Ácidos gordos trans (FATRS),Hidratos de carbono (CHO),Mono+dissacáridos (SUGAR),Oligossacáridos (OLSAC),Amido (STARCH),Sal (NACL),Fibra alimentar (FIBT),Proteína (PROT),Ácidos orgânicos (OA),Colesterol (CHORL),Vitamina A total (equivalentes de retinol) (VITA),Caroteno (CAROT),Vitamina D (VITD),a-tocoferol (TOCPHA),Tiamina (THIA),Riboflavina (RIBF),Niacina (NIA),Equivalentes de niacina (NIAEQ),Triptofano/60 (NIATRP),Vitamina B6 (VITB6),Vitamina B12  (VITB12),Vitamina C (VITC),Folatos (FOL),Cinza (ASH),Sódio (Na),Potássio (K),Cálcio (Ca),Fósforo (P),Magnésio (Mg),Ferro (Fe),Zinco (Zn)
Açúcar branco,Açúcar,397,0,0,0,0,0,0,99.3,99.3,0,0,0,0,0,0,0,0,0,0,0,0,0,0,0,0,0,0,0,0,0.15,0,0.002,0.002,0,0,0,0
Gelatina desidratada (pó ou folha),Açúcar,349,0.1,0,0,0,0,0,0,0,0,0,0.08,0,87,0,0,0,0,0,0,0,0,0,0,0,0,0,0,0,1.3,0.032,0.016,0.011,0.032,0.011,0,0.0002
Mel,Açúcar,314,0,0,0,0,0,0,78,78,0,0,0.03,0,0.5,0,0,0,0,0,0,0.00001,0.00004,0.0003,0.0003,0,0.0002,0,0,0,0.16,0.012,0.051,0,0.01,0.002,0.0004,0.0009
Pastilha elástica,Açúcar,328,0,0,0,0,0,0,75.1,73.4,0,1.7,0.08,0,6.9,0,0,0,0,0,0,0,0,0,0,0,0,0,0,0,0.3,0.032,0.009,0.005,0.004,0.002,0.0001,0
Cerveja branca,Bebidas alcoólicas,30,0,0,0,0,0,0,0.5,0.5,0,0,0.028,0,0.4,0,0,0,0,0,0,0.00002,0.00001,0.0005,0.0005,0,0.00001,0.00014,0,0.0000041,0.16,0.011,0.052,0.009,0.017,0.011,0.0003,0
Vinho espumante doce,Bebidas alcoólicas,110,0,0,0,0,0,0,12,12,0,0,0.01,0,0.1,0,0,0,0,0,0,0,0,0.0001,0.0001,0,0.00002,0,0,0,0.2,0.004,0.051,0.015,0.01,0.008,0.0008,0
"Vinho generoso do Porto, doce",Bebidas alcoólicas,165,0,0,0,0,0,0,14,14,0,0,0.028,0,0.1,0,0,0,0,0,0,0.00001,0.00002,0.0001,0.0001,0,0.00001,0,0,0,0.25,0.011,0.12,0.005,0.015,0.011,0.0007,0.0002
Vinho maduro tinto,Bebidas alcoólicas,66,0,0,0,0,0,0,0.2,0.2,0,0,0.022,0,0.1,0,0,0,0,0,0,0,0.00002,0.0001,0.0001,0,0.00003,0,0,0,0.28,0.009,0.13,0.015,0.009,0.009,0.001,0.0001
Vinho rosé,Bebidas alcoólicas,72,0,0,0,0,0,0,2.4,2.4,0,0,0.018,0,0.2,0,0,0,0,0,0,0.00001,0.00001,0.00007,0.00007,0,0.00002,0,0,0,0.28,0.007,0.091,0.014,0.015,0.01,0.001,0.0001
Vinho verde branco,Bebidas alcoólicas,59,0,0,0,0,0,0,0.1,0.1,0,0,0.028,0,0,0,0,0,0,0,0,0.00001,0.00001,0.0001,0.0001,0,0.00001,0,0,0,0.15,0.011,0.084,0.01,0.006,0.006,0.0006,0.0002
Cacau em pó,"Café, cacau, chá e infusões",358,23.4,13.8,7.8,0.6,0.6,0,11.1,0,0,11.1,0.085,12.1,19.6,0,0,0,0,0,0.0005,0.00012,0.0003,0.0031,0.0066,0.0035,0.00011,0,0,0.000034,4.4,0.034,1.84,0.11,0.55,0.41,0.0058,0.0019
Chocolate de leite,"Café, cacau, chá e infusões",552,33.9,19.8,10.1,1,1,0.2,53.1,53.1,0,0,0.3,1.3,8,0,0.03,0.007,0.04,0,0.00074,0.0002,0.00046,0.002,0.0033,0.0013,0.00007,0,0,0.00001,2.06,0.12,0.42,0.19,0.23,0.055,0.0012,0.0002
"Chocolate em barra, culinária","Café, cacau, chá e infusões",502,30.5,19.3,10.2,1,1,0,44,44,0,0,0.042,15,5.4,0,0,0.006,0.038,0,0.0005,0.00006,0.0001,0.0005,0.0013,0.0008,0.00005,0,0,0.000006,1.2,0.017,0.38,0.043,0.16,0.11,0.0029,0.002
Alheira crua,Carne e produtos cárneos,308,18.1,5.2,6.6,4.1,3.7,0.1,27.4,1,0,26.4,1.68,1.4,8.3,0,0.032,0,0,0,0.0003,0.00002,0.00007,0.0024,0.0037,0.0013,0.00003,0.001,0,0.000001,2.4,0.67,0.086,0.019,0.052,0.016,0.0003,0.0011
Bacon,Carne e produtos cárneos,367,34.6,11.9,11.6,5.6,4.8,0.1,0,0,0,0,2.98,0,13.8,0,0.067,0,0,0,0.00008,0.00054,0.00015,0.0038,0.006,0.0022,0.00027,0.0009,0,0.000002,2.8,1.19,0.22,0.007,0.14,0.018,0.0007,0.0013
Bife de porco grelhado,Carne e produtos cárneos,202,14.2,6.8,3.9,1.2,1.08,0.3,0.7,0.6,0,0.1,0.63,0.9,16.7,1.1,0.072,0.13,0.437,0.0000005,0.00121,0.00059,0.00021,0.0057,0.00946,0.00371,0.00039,0.00077,0.0415,0.000025,1.64,0.25,0.46,0.043,0.15,0.027,0.0011,0.0022
"Bife de vaca (acém, alcatra, lombo) cru",Carne e produtos cárneos,122,4.3,1.8,1.8,0.2,0.1,0.2,0,0,0,0,0.15,0,20.9,0,0.061,0,0,0.0000005,0.00004,0.0001,0.00016,0.0046,0.0091,0.0045,0.00051,0.002,0,0.000016,1.1,0.06,0.37,0.009,0.17,0.023,0.0014,0.0036
"Chouriço de carne de porco, gordo, cru",Carne e produtos cárneos,544,53.6,18.5,21.2,6.2,5.3,0.2,0,0,0,0,6.58,0,15.4,0,0.096,0,0,0,0.0002,0.00038,0.00019,0.004,0.0092,0.0052,0.00027,0.0017,0,0.000001,7.7,2.63,0.37,0.023,0.2,0.021,0.0025,0.0031
Codorniz com pele crua,Carne e produtos cárneos,170,9.3,2.6,3.2,2.3,1.8,0,0,0,0,0,0.12,0,21.5,0,0.06,0.072,0,0.0000005,0.0001,0.00015,0.0002,0.0075,0.013,0.0052,0.0006,0.00043,0,0.000008,0.9,0.047,0.22,0.013,0.22,0.027,0.0027,0.0024
Coelho cru,Carne e produtos cárneos,117,4,1.3,0.9,0.7,0.6,0,0,0,0,0,0.14,0,20.3,0,0.048,0,0,0.0000005,0.00013,0.0001,0.00016,0.004,0.0078,0.0038,0.0005,0.009,0,0.000005,1.3,0.058,0.38,0.017,0.22,0.02,0.001,0.0015
"Coração de porco, cru",Carne e produtos cárneos,113,4.4,1.5,1.7,0.7,0.6,0,0,0,0,0,0.28,0,18.4,0,0.092,0.008,0,0.0000007,0.00037,0.00052,0.00097,0.005,0.0089,0.0039,0.00031,0.002,0.003,0.000002,1.18,0.11,0.32,0.01,0.28,0.022,0.0027,0.0022
"Coração de vaca, cru",Carne e produtos cárneos,92,2.7,1.1,1.2,0.1,0.1,0.1,0,0,0,0,0.25,0,17,0,0.091,0.006,0,0.0000003,0.00045,0.0004,0.0004,0.005,0.0086,0.0036,0.00023,0.013,0.006,0.000004,1.04,0.1,0.29,0.013,0.28,0.02,0.005,0.0016
Costeleta de cabrito crua,Carne e produtos cárneos,120,2.7,0.8,1.2,0.2,0.1,0.1,0,0,0,0,0.24,0,23.9,0,0.06,0,0,0.0000004,0.00009,0.00013,0.00032,0.0066,0.012,0.0051,0.00032,0.0013,0,0.000005,0.9,0.094,0.44,0.014,0.13,0.026,0.0011,0.0046
Costeleta de carneiro crua,Carne e produtos cárneos,151,7.5,3.2,2.4,0.3,0.2,0.3,0,0,0,0,0.22,0,20.8,0,0.066,0,0,0.0000004,0.00009,0.00009,0.00018,0.0048,0.0087,0.0039,0.0003,0.002,0,0.000003,1.2,0.088,0.35,0.017,0.22,0.024,0.0009,0.004
Costeleta de porco gorda crua,Carne e produtos cárneos,355,31.8,10.9,10.6,5.2,4.5,0.1,0,0,0,0,0.15,0,17.3,0,0.074,0,0,0.000001,0.00003,0.00063,0.00017,0.0055,0.0092,0.0037,0.00035,0.001,0,0.000003,1.02,0.061,0.31,0.019,0.19,0.018,0.0013,0.0017
Costeleta de porco meio gorda crua,Carne e produtos cárneos,221,15.8,5.4,5.3,2.6,2.2,0.1,0,0,0,0,0.25,0,19.8,0,0.066,0,0,0.0000007,0.00011,0.00074,0.0002,0.0065,0.011,0.0042,0.0004,0.001,0,0.000006,1.06,0.1,0.38,0.014,0.19,0.018,0.0014,0.0021
Costeleta de vitela crua,Carne e produtos cárneos,120,4.5,1.9,2.2,0.2,0.1,0.2,0,0,0,0,0.065,0,20,0,0.073,0,0,0,0.0003,0.00025,0.00021,0.0066,0.011,0.0043,0.00031,0.001,0,0.0000053,1.9,0.026,0.39,0.013,0.23,0.02,0.0009,0.0031
Costeleta ou perna crua de borrego,Carne e produtos cárneos,124,5,2.2,1.6,0.2,0.1,0.2,0,0,0,0,0.16,0,19.7,0,0.068,0,0,0.0000004,0.0001,0.00014,0.00024,0.005,0.0087,0.0037,0.00037,0.002,0,0.000003,1.2,0.064,0.28,0.011,0.22,0.027,0.0017,0.0038
Entrecosto de porco cru,Carne e produtos cárneos,190,12.4,4.2,4.1,2,1.7,0.1,0,0,0,0,0.18,0,19.6,0,0.066,0,0,0.0000007,0.00008,0.00073,0.00025,0.0072,0.011,0.0042,0.00044,0.001,0,0.000001,1.1,0.072,0.35,0.011,0.19,0.021,0.0008,0.0022
"Fiambre, pá",Carne e produtos cárneos,106,5.1,1.7,2.2,0.7,0.6,0,0,1.3,0,0,0,2.3,14,0,0.064,0,0,0,0.00016,0.00028,0.00013,0.0035,0.0064,0.0029,0.0002,0.0011,0,0.000002,3.34,0.94,0.31,0.012,0.26,0.014,0.0007,0.0014
"Fiambre, peito de frango",Carne e produtos cárneos,82,1.3,0.4,0.6,0.3,0.2,0,2.8,0.1,0,0,0,1.9,13.7,0,0.064,0,0,0,0.00016,0.00009,0.00006,0.0035,0.0064,0.0029,0.00023,0.0011,0,0.000002,3.58,0.94,0.32,0.01,0.27,0.017,0.0004,0.0004
"Fiambre, peito de peru",Carne e produtos cárneos,85,1.9,0.6,0.7,0.6,0.5,0,2.6,0.1,0,0,0,1.2,13.8,0,0.064,0,0,0,0.00016,0.00011,0.00009,0.0035,0.0064,0.0029,0.00024,0.0011,0,0.000002,3.17,0.87,0.29,0.011,0.27,0.016,0.0004,0.0009
"Fiambre, perna",Carne e produtos cárneos,106,4.1,1.3,1.8,0.6,0.5,0,0,1.2,0,0,0,1.4,16.5,0,0.064,0,0,0,0.00016,0.00036,0.00013,0.0035,0.0064,0.0029,0.00028,0.0011,0,0.000002,3.46,0.93,0.35,0.009,0.28,0.017,0.0006,0.0013
"Fígado de porco, cru",Carne e produtos cárneos,129,5,1.7,1.7,0.8,0.7,0,0,0,0,0,0.28,0,20.9,0,0.237,9,0,0.0000011,0.00033,0.00041,0.0033,0.016,0.02,0.0045,0.00058,0.023,0.028,0.00029,1.6,0.11,0.36,0.014,0.32,0.032,0.0078,0.0033
"Fígado de vaca, cru",Carne e produtos cárneos,132,4.4,1.7,1.9,0.2,0.1,0.2,2.1,0,0,2.1,0.32,0,20.9,0,0.283,9.6,0,0.0000011,0.00042,0.00045,0.0032,0.01,0.014,0.0045,0.00087,0.11,0.027,0.00033,1.42,0.13,0.34,0.012,0.28,0.019,0.0057,0.0026
"Fígado de vitela, cru",Carne e produtos cárneos,119,3.5,1.4,1.5,0.1,0.1,0.2,1.5,0,0,1.5,0.3,0,20.3,0,0.286,11.9,0,0.0000003,0.00042,0.00026,0.0016,0.011,0.016,0.0048,0.00052,0.064,0.03,0.00016,1.37,0.12,0.41,0.012,0.32,0.023,0.0065,0.005
Frango inteiro com pele cru,Carne e produtos cárneos,201,13.6,3.2,4.5,2.8,2.4,0.1,0,0,0,0,0.18,0,19.6,0,0.099,0.02,0,0.0000006,0.0002,0.00012,0.00025,0.0066,0.01,0.0034,0.0003,0.0008,0,0.0000094,0.88,0.07,0.32,0.011,0.18,0.023,0.0008,0.0009
Frango inteiro sem pele cru,Carne e produtos cárneos,110,2,0.5,0.7,0.4,0.4,0,0,0,0,0,0.19,0,22.9,0,0.087,0.01,0,0.0000002,0.0002,0.00014,0.00019,0.008,0.012,0.0043,0.00037,0.00072,0,0.000011,1.03,0.077,0.38,0.012,0.2,0.027,0.0009,0.001
"Hambúrguer de vaca, cru",Carne e produtos cárneos,142,6.8,2.7,3,0.3,0.2,0.3,0,0,0,0,0.16,0,20.2,0,0.061,0,0,0.0000004,0.0001,0.00009,0.00015,0.0034,0.0077,0.0043,0.00045,0.002,0,0.000014,0.9,0.064,0.36,0.01,0.18,0.022,0.0016,0.0035
Linguiça,Carne e produtos cárneos,437,39,13.4,15.4,4.5,3.9,0.1,0,0,0,0,7.28,0,21.5,0,0.085,0,0,0,0.0003,0.0006,0.00025,0.005,0.0096,0.0046,0.0004,0.0018,0,0.000003,8.4,2.91,0.38,0.03,0.2,0.022,0.002,0.0032
Lombo de porco cru,Carne e produtos cárneos,131,4.7,1.6,1.6,0.8,0.7,0,0,0,0,0,0.13,0,22.2,0,0.058,0.025,0,0.0000006,0.0005,0.0007,0.00016,0.0053,0.01,0.0047,0.00044,0.001,0,0.000005,1.1,0.053,0.4,0.007,0.22,0.023,0.0006,0.0016
Lombo de vitela cru,Carne e produtos cárneos,148,7.6,3.2,3.6,0.3,0.1,0.4,0,0,0,0,0.06,0,19.9,0,0.091,0,0,0,0.00017,0.00022,0.00021,0.0066,0.011,0.0042,0.00034,0.0012,0,0.0000057,1.3,0.024,0.35,0.014,0.2,0.018,0.0009,0.003
Morcela crua,Carne e produtos cárneos,363,29.5,9.7,11.3,3.8,3.3,0.1,12,0.4,0,11.6,1.28,0.6,12,0,0.106,0.012,0,0.0000009,0.00015,0.00018,0.00008,0.0016,0.0035,0.0019,0.00004,0.0003,0,0.0000046,2,0.51,0.18,0.024,0.095,0.018,0.01,0.0012
Mortadela,Carne e produtos cárneos,379,33.2,12.4,15.2,3.4,3,0.1,1.7,0,0,1.7,3.85,0,18.3,0,0.06,0,0,0,0.00006,0.00012,0.00016,0.004,0.0074,0.0034,0.00015,0.0014,0,0.000003,3.9,1.54,0.2,0.021,0.18,0.014,0.0022,0.0026
Pá de carneiro crua,Carne e produtos cárneos,195,12.6,5.4,4,0.4,0.3,0.6,0,0,0,0,0.16,0,20.5,0,0.068,0,0,0.0000004,0.00007,0.00014,0.00032,0.0043,0.0082,0.0039,0.00022,0.002,0,0.000002,0.9,0.066,0.27,0.012,0.21,0.016,0.0013,0.002
Paio de lombo,Carne e produtos cárneos,288,19,6.5,7.5,2.2,1.9,0.1,0,0,0,0,8.78,0,29.2,0,0.065,0,0,0,0.0002,0.0007,0.0002,0.005,0.011,0.0062,0.00048,0.0012,0,0.000003,10,3.51,0.32,0.025,0.26,0.025,0.001,0.0038
Pato com pele cru,Carne e produtos cárneos,394,38.3,9.7,16.9,4.3,3.7,0.2,0,0,0,0,0.17,0,12.3,0,0.074,0.051,0,0.0000014,0.00002,0.00017,0.00036,0.0037,0.006,0.0023,0.00026,0.002,0,0.00001,0.95,0.068,0.2,0.01,0.13,0.015,0.0019,0.0013
Pato sem pele cru,Carne e produtos cárneos,133,6.2,1.6,2.7,0.7,0.6,0,0,0,0,0,0.23,0,19.3,0,0.093,0.024,0,0.0000004,0.00002,0.00036,0.00045,0.0053,0.0095,0.0042,0.00034,0.003,0,0.000025,1.06,0.092,0.28,0.012,0.2,0.019,0.0024,0.0019
Peito de cabrito cru,Carne e produtos cárneos,116,3.8,1.2,1.7,0.3,0.2,0.2,0,0,0,0,0.2,0,20.5,0,0.057,0,0,0,0.00009,0.00013,0.00032,0.0061,0.01,0.0044,0.0003,0.0011,0,0.000005,1.2,0.082,0.38,0.011,0.23,0.022,0.0005,0.004
Peito de carneiro gordo cru,Carne e produtos cárneos,396,36.5,15.7,11.7,1.2,0.7,1.6,0,0,0,0,0.28,0,16.8,0,0.094,0,0,0.0000006,0.00009,0.0003,0.00032,0.0045,0.0077,0.0032,0.00016,0.001,0,0.000011,0.85,0.11,0.3,0.017,0.22,0.016,0.0012,0.003
Peito de frango com pele cru,Carne e produtos cárneos,176,8.9,2.1,2.9,1.6,1.6,0,0,0,0,0,0.18,0,24.1,0,0.085,0,0,0.0000006,0.00014,0.00014,0.00014,0.0089,0.013,0.0045,0.00051,0.00037,0,0.000011,0.8,0.072,0.32,0.019,0.2,0.017,0.001,0.0008
Peito de frango sem pele cru,Carne e produtos cárneos,108,1.2,0.3,0.4,0.2,0.2,0,0,0,0,0,0.15,0,24.1,0.2,0.07,0,0,0.0000001,0.00013,0.00014,0.00014,0.011,0.016,0.0045,0.00049,0.00037,0,0.000013,0.8,0.06,0.37,0.005,0.22,0.029,0.0005,0.0008
Peito de peru com pele cru,Carne e produtos cárneos,134,4.7,1.5,1.9,1.2,0.8,0,0,0,0,0,0.16,0,23,0,0.068,0.007,0,0.0000003,0,0.00007,0.0001,0.0074,0.012,0.0043,0.00052,0.001,0,0.0000074,1.2,0.064,0.33,0.007,0.2,0.03,0.0007,0.0006
Peito de peru sem pele cru,Carne e produtos cárneos,105,1.3,0.3,0.4,0.2,0.2,0,0,0,0,0,0.16,0,23.4,0,0.057,0,0,0.0000003,0,0.00006,0.00012,0.0079,0.012,0.0044,0.00058,0.001,0,0.000008,1.1,0.063,0.35,0.008,0.21,0.032,0.0007,0.0006
Peito de vitela magro cru,Carne e produtos cárneos,147,7.6,3.2,3.6,0.3,0.1,0.4,0,0,0,0,0.07,0,19.6,0,0.091,0,0,0,0.00017,0.00032,0.00024,0.0065,0.011,0.0042,0.00035,0.0012,0,0.0000058,1.8,0.028,0.41,0.011,0.23,0.021,0.0011,0.0033
Perdiz crua,Carne e produtos cárneos,104,1.3,0.4,0.5,0.3,0.2,0,0,0,0,0,0.15,0,23,0,0.061,0,0,0.0000003,0,0.00024,0.00018,0.0045,0.01,0.006,0.0006,0.00043,0,0.000008,1.2,0.06,0.25,0.019,0.17,0.029,0.0045,0.0024
Perna de cabrito crua,Carne e produtos cárneos,113,4,1.2,1.8,0.3,0.2,0.2,0,0,0,0,0.19,0,19.3,0,0.06,0,0,0,0.00009,0.00013,0.0003,0.006,0.01,0.0041,0.0003,0.0011,0,0.000005,1.22,0.077,0.36,0.009,0.27,0.021,0.0009,0.0037
Perna de carneiro gorda crua,Carne e produtos cárneos,276,22.2,9.6,7.1,0.8,0.4,1,0,0,0,0,0.15,0,19.1,0,0.086,0,0,0.0000005,0.00007,0.00032,0.00023,0.005,0.0086,0.0036,0.00023,0.0023,0,0.000003,0.82,0.06,0.36,0.011,0.19,0.025,0.0012,0.0032
Perna de carneiro magra crua,Carne e produtos cárneos,130,5.6,2.4,1.8,0.2,0.1,0.3,0,0,0,0,0.28,0,19.8,0,0.068,0,0,0.0000007,0.00005,0.00014,0.00021,0.005,0.0087,0.0037,0.0003,0.002,0,0.000006,1.2,0.11,0.3,0.018,0.25,0.016,0.0015,0.0019
Perna de frango sem pele crua,Carne e produtos cárneos,111,2.6,0.6,0.9,0.5,0.5,0,0,0,0,0,0.22,0,22,0,0.1,0.02,0,0.0000002,0.00017,0.00014,0.00022,0.0059,0.01,0.0041,0.00028,0.001,0,0.000009,1.21,0.09,0.39,0.018,0.19,0.026,0.0012,0.0011
Perna de peru com pele crua,Carne e produtos cárneos,148,8.1,2.6,3.2,2,1.5,0,0,0,0,0,0.21,0,18.9,0,0.086,0,0,0.0000004,0,0.00008,0.00019,0.005,0.0085,0.0035,0.00032,0.002,0,0.000022,1.17,0.083,0.29,0.016,0.19,0.02,0.0016,0.0029
Perna de porco gorda crua,Carne e produtos cárneos,239,18.5,6.3,6.2,3,2.6,0.1,0,0,0,0,0.14,0,18.1,0,0.071,0,0,0.0000008,0.00009,0.00076,0.00024,0.0075,0.011,0.0033,0.00042,0.001,0,0.000001,1.03,0.057,0.29,0.011,0.2,0.017,0.001,0.0017
Perna de porco magra crua,Carne e produtos cárneos,152,7.5,2.6,2.5,1.2,1.1,0,0,0,0,0,0.22,0,21,0,0.063,0,0,0.0000005,0.0008,0.0007,0.00026,0.0072,0.012,0.0047,0.00046,0.001,0,0.000001,1.12,0.086,0.42,0.012,0.17,0.025,0.0007,0.0027
Picanha grelhada,Carne e produtos cárneos,194,11.9,4.6,5.4,0.4,0.335,0.6,0,0,0,0,13.6,0,21.7,0,0.068,0,0,0.0000004,0.00004,0.00009,0.00017,0.0039,0.00848,0.00458,0.00048,0.0022,0,0.000025,13.9,5.43,0.38,0.016,0.25,0.065,0.002,0.0039
Presunto,Carne e produtos cárneos,215,12.8,4.1,5.1,1.4,1.2,0,0,0,0,0,6.42,0,25,0,0.066,0,0,0.0000008,0.0002,0.0007,0.00028,0.006,0.011,0.0053,0.00041,0.001,0,0.000001,7,2.57,0.58,0.023,0.2,0.041,0.002,0.0039
Salame,Carne e produtos cárneos,422,37.6,12.9,14.9,4.3,3.7,0.1,1.3,0,0,1.3,5.75,0,19.5,0,0.08,0,0,0.0000007,0.00011,0.00036,0.00022,0.003,0.0066,0.0036,0.00025,0.001,0,0.000003,5.5,2.3,0.14,0.025,0.2,0.022,0.0023,0.0043
Salpicão,Carne e produtos cárneos,412,36.7,12.6,14.5,4.2,3.6,0.1,0,0,0,0,10.9,0,20.5,0,0.084,0,0,0.0000007,0.0003,0.00035,0.00018,0.005,0.0094,0.0044,0.00041,0.001,0,0.000003,9.5,4.34,0.58,0.027,0.24,0.036,0.0017,0.003
Salsicha fresca crua,Carne e produtos cárneos,210,16.4,5.4,5.4,1.1,0.8,0.1,0,0,0,0,1.75,0,15.5,0,0.045,0,0,0,0.0003,0.0002,0.00008,0.003,0.0054,0.0024,0.00006,0.0009,0,0.000001,2.4,0.7,0.15,0.018,0.18,0.01,0.0032,0.0011
Salsicha tipo Frankfurt,Carne e produtos cárneos,178,14.7,4.8,5.7,1.6,1.4,0,2.4,1.2,0,1.2,2.52,0.1,9,0,0.046,0,0,0,0.0003,0.00015,0.00008,0.0011,0.0025,0.0014,0.0001,0.00075,0,0.000001,2.6,1.01,0.061,0.014,0.099,0.004,0.001,0.0005
Toucinho de porco entremeado fresco cru,Carne e produtos cárneos,682,72,24.1,27.9,11,9.4,0.4,0,0,0,0,0.17,0,8.4,0,0.068,0,0,0,0.00003,0.00017,0.00013,0.0002,0.0014,0.0012,0.00009,0.001,0,0.000002,1.1,0.068,0.04,0.016,0.07,0.055,0.0004,0.0006
Vaca para assar crua,Carne e produtos cárneos,174,10.7,4.1,4.8,0.4,0.3,0.5,0,0,0,0,0.17,0,19.4,0,0.061,0,0,0.0000004,0.00004,0.00008,0.00015,0.0035,0.0076,0.0041,0.00043,0.002,0,0.000022,0.7,0.067,0.34,0.014,0.22,0.022,0.0018,0.0035
Vaca para estufar magra crua,Carne e produtos cárneos,175,9.8,3.8,4.4,0.3,0.3,0.4,0,0,0,0,0.16,0,21.7,0,0.069,0,0,0.0000007,0.00009,0.00007,0.00018,0.0042,0.0088,0.0046,0.00042,0.002,0,0.000006,1.02,0.066,0.34,0.012,0.25,0.02,0.0013,0.0053
Vaca para estufar meio gorda crua,Carne e produtos cárneos,227,15.8,6.1,7.1,0.5,0.5,0.7,0,0,0,0,0.13,0,21.3,0,0.061,0,0,0.0000005,0.00011,0.0001,0.00017,0.004,0.0085,0.0045,0.00048,0.002,0,0.000015,1.1,0.053,0.3,0.013,0.25,0.019,0.0007,0.0032
Abacate,Fruta,114,10.5,2.2,6.5,1.2,1.1,0,2.3,2.3,0,0,0.038,3,1.1,0,0,0.005,0.032,0,0.0021,0.0001,0.00017,0.0011,0.0013,0.0011,0.0003,0,0.003,0.000011,0.75,0.015,0.33,0.004,0.036,0.021,0.0003,0.0003
Ameixa branca,Fruta,40,0.2,0,0.1,0.1,0.1,0,7.8,7.8,0,0,0.13,1.6,0.6,0.6,0,0.107,0.64,0,0.00061,0.00002,0.00006,0.0006,0.0007,0.0001,0.00005,0,0.002,0.000003,0.36,0.052,0.14,0.003,0.012,0.005,0.0001,0.0001
Ananás ,Fruta,48,0.2,0,0.1,0.1,0.1,0,9.5,9.5,0,0,0.005,1.2,0.5,1.1,0,0.003,0.02,0,0.0001,0.00004,0.00003,0.0006,0.0007,0.0001,0.00009,0,0.016,0.000005,0.2,0.002,0.16,0.018,0.007,0.013,0.0003,0.0001
Anona,Fruta,82,0.4,0,0.2,0.1,0.1,0,16.8,14.8,0,2,0.028,2.4,1.7,0,0,0.001,0.006,0,0.0001,0.0001,0.00011,0.0009,0.001,0.0001,0.0002,0,0.017,0.000005,0.55,0.011,0.24,0.006,0.031,0.023,0.0003,0.0002
Banana,Fruta,104,0.4,0.1,0,0.1,0,0,21.8,19.6,0,2.2,0.015,3.1,1.6,0.3,0,0.004,0.021,0,0.00027,0.00006,0.00007,0.0007,0.001,0.0003,0.00029,0,0.01,0.000014,0.89,0.006,0.42,0.008,0.025,0.028,0.0004,0.0002
Cereja,Fruta,67,0.7,0.2,0.2,0.2,0.2,0,13.3,13.3,0,0,0.0025,1.6,0.8,0.4,0,0.024,0.141,0,0.00013,0.00004,0.00006,0.0002,0.0003,0.0001,0.00004,0,0.006,0.000005,0.43,0.001,0.21,0.014,0.015,0.01,0.0004,0.0001
Clementina,Fruta,53,0.2,0,0.1,0.1,0.1,0,11.1,11.1,0,0,0.005,1.7,0.8,0,0,0.012,0.075,0,0.00033,0.00008,0.00004,0.0003,0.0004,0.0001,0.00007,0,0.04,0.000032,0.6,0.002,0.16,0.029,0.017,0.011,0.0001,0.0001
Damasco,Fruta,48,0.1,0,0.1,0,0,0,8.5,8.5,0,0,0.0025,2.1,0.8,1.9,0,0.18,1.1,0,0.0007,0.00004,0.0001,0.0005,0.0006,0.0001,0.00007,0,0.003,0.000005,0.8,0.001,0.26,0.009,0.015,0.012,0.001,0.0001
Dióspiro,Fruta,65,0,0,0,0,0,0,14.8,14.8,0,0,0.012,1.5,0.6,0,0,0.177,1.06,0,0.0001,0.00003,0.00002,0.0003,0.0005,0.0002,0.00004,0,0.003,0.000007,0.55,0.005,0.23,0.01,0.013,0.007,0.0002,0.0001
Figo,Fruta,78,0.5,0.1,0.1,0.2,0.2,0,16.3,16.3,0,0,0.0075,2.3,0.9,0.2,0,0.008,0.05,0,0.00077,0.00003,0.00002,0.0003,0.0004,0.0001,0.00011,0,0.001,0.000007,0.61,0.003,0.17,0.035,0.029,0.02,0.0006,0.0001
Figo seco,Fruta,270,0.6,0.1,0.1,0.3,0.3,0,58.3,58.3,0,0,0.16,11,2.3,0,0,0.011,0.065,0,0.0007,0.00007,0.00006,0.0008,0.0012,0.0004,0.00022,0,0.001,0.000009,2.2,0.062,0.94,0.24,0.072,0.086,0.0026,0.0003
Framboesa,Fruta,48,0.6,0,0.1,0.3,0.2,0,5.1,5.1,0,0,0.0025,6.7,0.9,1.9,0,0.002,0.01,0,0.0002,0.00003,0.00002,0.0006,0.0008,0.0002,0.00005,0,0.03,0.000033,0.54,0.001,0.23,0.026,0.023,0.02,0.0005,0.0003
Ginja,Fruta,57,0.3,0.1,0.1,0.1,0,0,11.5,11.5,0,0,0.0075,1.6,0.9,0.4,0,0.02,0.123,0,0.00013,0.00004,0.00005,0.0004,0.0005,0.0001,0.00005,0,0.01,0.000009,0.55,0.003,0.2,0.015,0.017,0.01,0.0004,0.0001
Kiwi,Fruta,60,0.5,0.1,0.1,0.2,0.1,0,10.9,10.9,0,0,0.022,1.9,1.1,1.2,0,0.007,0.042,0,0.0004,0.00002,0.00005,0.0003,0.0005,0.0002,0.00002,0,0.072,0.000042,0.72,0.009,0.3,0.019,0.028,0.018,0.0004,0.0002
Laranja,Fruta,48,0.2,0,0,0.1,0,0,8.9,8.9,0,0,0.01,1.8,1.1,0.7,0,0.02,0.12,0,0.00024,0.00009,0.00005,0.0007,0.0008,0.0001,0.0001,0,0.057,0.000031,0.42,0.004,0.16,0.035,0.019,0.011,0.0002,0.0001
Limão,Fruta,31,0.3,0.1,0,0.1,0.1,0,1.9,1.9,0,0,0.005,2.1,0.5,4.7,0,0.002,0.011,0,0.0006,0.00004,0.00002,0.0002,0.0003,0.0001,0.00007,0,0.055,0.000009,0.42,0.002,0.14,0.026,0.016,0.009,0.0005,0.0001
Maçã com casca,Fruta,64,0.5,0.1,0,0.2,0.1,0,13.4,13.4,0,0,0.015,2.1,0.2,0.2,0,0.004,0.026,0,0.00059,0.00002,0.00003,0.0001,0.0002,0.0001,0.00004,0,0.007,0.000005,0.32,0.006,0.14,0.006,0.008,0.008,0.0002,0
Manga,Fruta,59,0.3,0.1,0.1,0.1,0,0,11.7,11.5,0,0.2,0.035,2.9,0.5,0.6,0,0.3,1.8,0,0.001,0.00004,0.00005,0.0005,0.0006,0.0001,0.00013,0,0.023,0.000036,0.5,0.014,0.12,0.009,0.01,0.013,0.0002,0.0001
Marmelo,Fruta,53,0.2,0,0.1,0.1,0.1,0,9.3,9.3,0,0,0.01,6,0.3,0.2,0,0.005,0.029,0,0.00055,0.00002,0.00004,0.0001,0.0002,0.0001,0.00004,0,0.014,0.000003,0.35,0.004,0.2,0.014,0.014,0.007,0.0001,0.0001
Melancia,Fruta,26,0.2,0,0.1,0.1,0,0,5.5,5.5,0,0,0.01,0.3,0.4,0,0,0.05,0.3,0,0.0001,0.00002,0.00001,0.0001,0.0001,0,0.00014,0,0.004,0.000002,0.29,0.004,0.1,0.01,0.005,0.012,0.0003,0.0001
Melão,Fruta,30,0.3,0.1,0.1,0.1,0.1,0,5.7,5.7,0,0,0.03,0.9,0.6,0,0,0.167,1,0,0.0001,0.00002,0.00002,0.0004,0.0004,0,0.00009,0,0.03,0.000003,0.68,0.012,0.23,0.01,0.012,0.019,0.0003,0.0002
Meloa,Fruta,23,0.1,0,0.1,0,0,0,4.2,4.2,0,0,0.02,0.9,0.6,0.4,0,0.167,1,0,0.0001,0.00004,0.00002,0.0006,0.0006,0,0.00011,0,0.026,0.000005,0.68,0.008,0.21,0.02,0.013,0.011,0.0003,0
Morango,Fruta,34,0.4,0,0.1,0.2,0.1,0,5.3,5.3,0,0,0.005,2,0.6,0.8,0,0.004,0.026,0,0.0002,0.00003,0.00006,0.0006,0.0008,0.0002,0.00005,0,0.047,0.000047,0.58,0.002,0.14,0.025,0.026,0.01,0.0008,0.0001
Nectarina,Fruta,49,0.1,0,0.1,0,0,0,8.7,8.7,0,0,0.0025,2.2,1.4,1,0,0.01,0.045,0,0.0018,0.00002,0.00004,0.0006,0.0009,0.0003,0.00003,0,0.037,0.000003,0.5,0.001,0.17,0.007,0.022,0.01,0.0004,0.0001
Nêspera,Fruta,51,0.4,0.1,0,0.2,0.2,0,10.2,10.2,0,0,0.0025,2.1,0.4,0.3,0,0.027,0.16,0,0.0002,0.00004,0.00006,0.0002,0.0002,0,0.00002,0,0.001,0.000014,0.47,0.001,0.25,0.016,0.011,0.014,0.0003,0.0001
Papaia,Fruta,45,0.1,0,0.1,0,0,0,9.1,6,0,0,0.055,2.3,0.6,0.2,0,0.135,0.81,0,0.0015,0.00003,0.00004,0.0003,0.0004,0.0001,0.00003,0,0.068,0.000001,0.59,0.022,0.21,0.021,0.016,0.024,0.0004,0.0001
Pera,Fruta,47,0.4,0,0.1,0.1,0.1,0,9.4,9.4,0,0,0.02,2.2,0.3,0.1,0,0.002,0.009,0,0.0005,0.00002,0.00002,0.0002,0.0002,0,0.00002,0,0.003,0.000002,0.36,0.008,0.15,0.009,0.01,0.009,0.0003,0.0002
Pêssego,Fruta,44,0.3,0,0.1,0.1,0.1,0,8.1,8.1,0,0,0.0075,2.3,0.6,0.5,0,0.067,0.4,0,0.00097,0.00003,0.00003,0.001,0.0011,0.0001,0.00002,0,0.004,0.000003,0.45,0.003,0.16,0.008,0.02,0.008,0.0003,0.0001
Romã,Fruta,60,0.4,0.1,0.2,0,0,0,12,12,0,0,0.0075,3.4,0.4,0.1,0,0.006,0.038,0,0.0009,0.00005,0.00003,0.0002,0.0003,0.0001,0.0002,0,0.013,0.00001,0.51,0.003,0.24,0.011,0.014,0.007,0.0006,0.0003
Tângera,Fruta,41,0.1,0,0,0.1,0,0,7.8,7.8,0,0,0.01,1.7,0.7,0.8,0,0.06,0.358,0,0.00055,0.00004,0.00003,0.0002,0.0002,0,0.00007,0,0.042,0.000018,0.41,0.004,0.2,0.057,0.015,0.008,0.0005,0.0001
Tangerina,Fruta,44,0.1,0,0,0.1,0,0,8.7,8.7,0,0,0.012,1.7,0.7,0.8,0,0.033,0.2,0,0.00024,0.00008,0.00004,0.0002,0.0002,0,0.00007,0,0.032,0.000021,0.43,0.005,0.24,0.03,0.016,0.009,0.0003,0.0001
Uva Branca,Fruta,78,0.5,0.1,0,0.1,0.1,0,17.3,17.3,0,0,0.005,0.8,0.3,0.4,0,0,0,0,0.0004,0.00002,0.00002,0.0003,0.0003,0,0.00009,0,0.001,0.000002,0.38,0.002,0.22,0.01,0.014,0.008,0.0012,0.0001
Uva Tinta,Fruta,83,0.5,0.1,0,0.1,0.1,0,18.6,18.6,0,0,0.005,0.9,0.3,0.4,0,0.015,0.06,0,0.0004,0.00003,0.00002,0.0002,0.0002,0,0.00009,0,0.001,0.000002,0.41,0.002,0.22,0.01,0.011,0.008,0.0003,0.0001
Azeite,Gorduras e óleos animais e vegetais,900,99.9,14.4,78.6,6.9,6.2,0,0,0,0,0,0,0,0.1,0,0,0,0,0,0.014,0,0,0,0,0,0,0,0,0,0,0,0,0,0,0,0,0
Banha de porco,Gorduras e óleos animais e vegetais,896,99.5,26.3,58.6,10.4,9.6,0.4,0,0,0,0,0.005,0,0,0,0.082,0.009,0,0,0.001,0,0,0,0,0,0,0,0,0,0.1,0.002,0.001,0.001,0.003,0.002,0.0001,0.0001
Manteiga com sal,Gorduras e óleos animais e vegetais,739,81.8,46.3,18.9,2.4,2,3.3,0.7,0.7,0,0,1.88,0,0.1,0,0.23,0.565,0.045,0.0000007,0.002,0,0.00002,0,0,0,0.00001,0,0,0,1.9,0.75,0.015,0.015,0.024,0.002,0.0002,0.0001
Manteiga sem sal,Gorduras e óleos animais e vegetais,750,83,47,19.2,2.4,2,3.3,0.7,0.7,0,0,0.02,0,0.1,0,0.23,0.565,0.045,0.0000007,0.002,0,0.00002,0,0,0,0.00001,0,0,0,0.2,0.008,0.015,0.015,0.024,0.002,0.0002,0.0001
Óleo de amendoim,Gorduras e óleos animais e vegetais,886,98.5,17.5,58.4,17.7,17.6,0.6,0,0,0,0,0,0,0,0,0,0,0,0,0.015,0,0,0,0,0,0,0,0,0,0,0,0,0,0,0,0,0
Óleo de Côco,,,,,,,,,,,,,0,,,,0,0,0,0,0,0,0,0,0,0,0,0,0,0,,0,0,0,0,0,0,0
Óleo de girassol,Gorduras e óleos animais e vegetais,896,99.5,11.6,22.3,62.2,62.1,0.1,0,0,0,0,0,0,0,0,0,0,0,0,0.065,0,0,0,0,0,0,0,0,0,0,0,0,0,0,0,0,0
"Amêndoa, miolo, com pele","Leguminosas, frutos secos",643,56,4.7,34.5,14.3,13.9,0,7.2,4.6,0,2.6,0.015,12,21.6,0,0,0,0,0,0.024,0.00021,0.00075,0.0022,0.0057,0.0035,0.00015,0,0.001,0.000049,3,0.006,0.86,0.27,0.4,0.26,0.004,0.0031
"Amêndoa, miolo, torrada, sem pele","Leguminosas, frutos secos",650,56.8,4.7,35.1,14.5,14.1,0,7.1,5,0,2.1,0.015,12.2,21.6,0,0,0,0,0,0.025,0.00013,0.00057,0.0021,0.0056,0.0035,0.00009,0,0,0.000037,3,0.006,0.86,0.27,0.41,0.26,0.0041,0.0032
"Amendoim, miolo","Leguminosas, frutos secos",589,47.7,8.5,21.8,14.8,14.3,0,10.1,4.8,0,5.3,0.018,8.8,25.4,0,0,0,0,0,0.0099,0.0009,0.00013,0.015,0.02,0.0055,0.00044,0,0,0.00011,2.6,0.007,0.68,0.062,0.38,0.18,0.0022,0.0032
"Amendoim, miolo, torrado com sal","Leguminosas, frutos secos",614,51.8,9.2,23.7,16.1,15.5,0,6.6,3.6,0,3,1.05,8.3,26.2,0,0,0,0,0,0.00066,0.00022,0.00013,0.014,0.019,0.0052,0.00047,0,0,0.000052,3.6,0.42,0.82,0.035,0.36,0.16,0.0012,0.0027
"Amendoim, miolo, torrado sem sal","Leguminosas, frutos secos",605,49.6,8.8,22.7,15.4,14.8,0,9.5,4.5,0,5,0.015,8.9,25.6,0,0,0,0,0,0.0011,0.00022,0.00013,0.014,0.02,0.0055,0.00047,0,0,0.000066,3.6,0.006,0.74,0.057,0.37,0.16,0.0021,0.003
"Avelã, miolo","Leguminosas, frutos secos",689,66.3,4.9,52.2,6.2,6.1,0,6,3.9,0,2.1,0.005,6.1,14,0,0,0,0,0,0.025,0.0003,0.00016,0.0018,0.0052,0.0034,0.00059,0,0,0.000073,2.45,0.002,0.73,0.25,0.27,0.16,0.003,0.002
Azeitona,"Leguminosas, frutos secos",180,18.5,2.9,9.6,2.2,2,0,0,0,0,0,5.25,4,1.4,0,0,0.039,0.236,0,0.002,0.00002,0.00007,0.0005,0.0007,0.0002,0.00002,0,0,0,5.1,2.1,0.06,0.054,0.014,0.022,0.0016,0.0002
Batata crua,"Leguminosas, frutos secos",90,0,0,0,0,0,0,19.2,1.2,0,18,0.022,1.6,2.5,0,0,0,0,0,0.00006,0.00021,0.00002,0.0014,0.002,0.0006,0.00044,0,0.014,0.000035,0.74,0.009,0.45,0.009,0.042,0.013,0.0002,0.0002
Batata doce crua,"Leguminosas, frutos secos",123,0,0,0,0,0,0,28.3,7.9,0,20.4,0.052,2.7,1,0,0,0.65,3.9,0,0.0046,0.00017,0,0.0005,0.0008,0.0003,0.00009,0,0.025,0.000017,0.67,0.021,0.35,0.024,0.032,0.014,0.0004,0.0003
"Castanha, miolo","Leguminosas, frutos secos",194,1.1,0.2,0.4,0.4,0.4,0,39.8,9.8,0,30,0.022,6.1,3.1,0,0,0.011,0.064,0,0.0012,0.00022,0.00012,0.0005,0.0011,0.0006,0.00035,0,0.051,0.000061,1.1,0.009,0.5,0.02,0.063,0.033,0.0008,0.0005
"Coco seco, ralado","Leguminosas, frutos secos",648,62,53.3,4.1,1.1,1,0,6.4,6.4,0,0,0.07,21.1,5.6,0,0,0,0,0,0.0013,0.00003,0.00005,0.0009,0.002,0.0011,0.00009,0,0,0.000009,2,0.028,0.66,0.022,0.16,0.09,0.0036,0.0009
"Ervilhas, grão, congeladas cruas","Leguminosas, frutos secos",68,0.5,0.1,0.1,0.2,0.2,0,7,1.4,1.2,4.4,0.028,7,5.3,0,0,0.067,0.4,0,0.00018,0.00032,0.00002,0.0018,0.0026,0.0008,0.0001,0,0.014,0.000058,0.8,0.011,0.21,0.032,0.096,0.017,0.0011,0.0009
"Ervilhas, vagens cruas","Leguminosas, frutos secos",33,0.2,0,0.1,0.1,0.1,0,3.9,2.9,0,1,0.01,1.5,3.1,0,0,0.033,0.2,0,0.00018,0.00017,0.00014,0.0005,0.001,0.0005,0.00016,0,0.03,0.000007,0.48,0.004,0.15,0.054,0.039,0.025,0.0007,0.0006
Favas frescas cruas,"Leguminosas, frutos secos",80,0.5,0.1,0,0.3,0.1,0,8.5,1.6,0.5,6.4,0.018,6.1,7.4,0,0,0.011,0.064,0,0.00046,0.00004,0.00004,0.0012,0.0024,0.0012,0.00006,0,0.023,0.00015,0.84,0.007,0.27,0.025,0.087,0.032,0.0012,0.001
Favas secas cruas,"Leguminosas, frutos secos",301,1.3,0.2,0.3,0.5,0.5,0,32.8,6.2,2.3,24.3,0.032,27.6,25.8,0,0,0.005,0.03,0,0.00046,0.00043,0.00026,0.0026,0.0067,0.0041,0.00037,0,0,0.00015,3.5,0.013,1.09,0.1,0.33,0.2,0.005,0.0032
Feijão branco cru,"Leguminosas, frutos secos",318,1.4,0.3,0.4,0.4,0.4,0,43.9,2.6,3.8,37.5,0.11,22.9,21,0,0,0,0,0,0.0002,0.00035,0.00017,0.0012,0.0046,0.0034,0.00035,0,0,0.0003,2.8,0.043,1.16,0.18,0.31,0.18,0.0061,0.0028
Feijão frade cru,"Leguminosas, frutos secos",342,1.3,0.6,0.1,0.9,0.9,0,55.3,3.1,3.9,48.3,0.045,9.4,22.6,0,0,0.005,0.03,0,0.0003,0.00054,0.00018,0.0021,0.0069,0.0048,0.00037,0,0.001,0.00063,3.2,0.018,1.1,0.081,0.41,0.13,0.0052,0.0035
Feijão manteiga cru,"Leguminosas, frutos secos",316,1.4,0.3,0.4,0.4,0.4,0,42.6,2.5,3.6,36.5,0.032,22.9,21.8,0,0,0,0,0,0.0003,0.00061,0.00019,0.0014,0.0049,0.0035,0.0006,0,0,0.00036,3,0.013,1.37,0.16,0.3,0.14,0.0078,0.0049
Feijão verde fresco cru,"Leguminosas, frutos secos",32,0.3,0.1,0,0.2,0.1,0,3.8,2.8,0,1,0.005,3,1.9,0,0,0.043,0.26,0,0.0002,0.00005,0.00007,0.0007,0.0012,0.0005,0.00005,0,0.017,0.00008,0.98,0.002,0.25,0.04,0.035,0.017,0.0007,0.0002
Grão-de-bico cru,"Leguminosas, frutos secos",354,5,0.5,1,2.5,2.5,0,51.4,2.8,3.4,45.2,0.015,13.5,19,0,0,0.01,0.06,0,0.0027,0.00041,0.00015,0.0019,0.0044,0.0025,0.0005,0,0.003,0.00018,3,0.006,0.98,0.14,0.24,0.1,0.0063,0.0025
Lentilhas secas cruas,"Leguminosas, frutos secos",321,0.7,0.1,0.1,0.3,0.3,0,47.6,1.2,3.1,43.3,0.03,11.8,25.2,0,0,0.01,0.06,0,0,0.00043,0.00027,0.0019,0.0053,0.0034,0.00093,0,0,0.00011,2.4,0.012,0.94,0.074,0.36,0.11,0.0068,0.0039
"Noz, miolo","Leguminosas, frutos secos",699,67.5,5.4,15,47,38,0,3.6,2.6,0,1,0.03,5.2,16.7,0,0,0,0,0,0.0038,0.00033,0.00014,0.0009,0.0036,0.0027,0.00067,0,0.001,0.000066,1.98,0.012,0.5,0.09,0.29,0.16,0.0026,0.0027
"Pinhão, miolo","Leguminosas, frutos secos",622,51.7,3.5,15,31,30,0,5,2.4,0,2.6,0.0025,1.9,33.2,0,0,0,0,0,0.01,0.00039,0.00022,0.0027,0.0089,0.0062,0.00011,0,0,0.000057,4.26,0.001,0.78,0.054,0.35,0.27,0.0047,0.0065
"Tremoço, cozido e salgado","Leguminosas, frutos secos",126,2.4,0.3,1,0.6,0.5,0,7.2,0.5,0,6.7,2.28,4.8,16.4,0,0,0,0,0,0.0001,0.0001,0.00001,0.0005,0.0027,0.0022,0.00012,0,0,0.00011,3.1,0.91,0.24,0.045,0.1,0.054,0.0055,0.0015
Iogurte batido magro com cereais,Leite e produtos lácteos,49,0.4,0.2,0.1,0,0,0,5.7,5.7,0,0,0.23,1,4.3,1.2,0.002,0.03,0.017,0,0,0.00004,0.00025,0.0002,0.0011,0.0009,0.00004,0,0,0.0000017,0.75,0.092,0.2,0.12,0.1,0.017,0.0003,0.0004
Iogurte natural sólido magro,Leite e produtos lácteos,42,0.2,0.1,0.1,0,0,0,5.2,5.2,0,0,0.18,0,4.6,0.2,0.002,0.017,0.01,0,0,0.00004,0.00027,0.0002,0.0012,0.001,0.00003,0,0,0.0000015,0.75,0.072,0.2,0.16,0.12,0.014,0.0002,0.0006
Leite de vaca UHT gordo,Leite e produtos lácteos,62,3.5,2,0.8,0.1,0.1,0.1,4.7,4.7,0,0,0.11,0,3,0,0.013,0.059,0.029,0,0.00007,0.00004,0.00014,0.0002,0.0009,0.0007,0.00004,0.00018,0,0.000001,0.75,0.043,0.16,0.11,0.077,0.009,0.0001,0.0004
Leite de vaca UHT meio gordo,Leite e produtos lácteos,47,1.6,0.9,0.4,0,0,0.1,4.9,4.9,0,0,0.1,0,3.3,0,0.008,0.022,0.012,0,0.00003,0.00004,0.00018,0.0002,0.0009,0.0007,0.00005,0.00012,0,0.000001,0.76,0.04,0.16,0.11,0.081,0.009,0.0001,0.0005
Nata não maturada UHT 35% gordura,Leite e produtos lácteos,335,35,20,7.9,1,0.9,1.2,3.1,3.1,0,0,0.07,0,1.8,0,0.074,0.479,0.247,0.0000002,0.0019,0.00002,0.00017,0.0003,0.0007,0.0004,0.00002,0.00017,0,0.000003,0.4,0.028,0.098,0.061,0.052,0.005,0.0002,0.0002
Queijo creme para barrar,Leite e produtos lácteos,263,22,4.9,4,10.4,10.2,0,6.9,6.9,0,0,2.45,0,9.3,0,0.018,0.066,0,0,0.0076,0.00004,0.00026,0.0016,0.0038,0.0022,0.00005,0.0003,0,0.000013,4,0.98,0.22,0.3,0.66,0.018,0.0002,0.0013
Queijo flamengo 30% gordura,Leite e produtos lácteos,247,14,7.5,3.6,1,0.4,0.6,0.2,0.2,0,0,2.58,0,30,0,0.038,0.234,0.175,0,0.0003,0.00005,0.00039,0.0004,0.0074,0.007,0.00008,0.0018,0,0.000035,5,1.03,0.12,0.85,0.5,0.055,0.0009,0.0055
Queijo flamengo 45% gordura,Leite e produtos lácteos,316,23.4,12.6,6,0.9,0.7,1.1,0.2,0.2,0,0,2.12,0,26,0.3,0.069,0.268,0.201,0.0000002,0.00044,0.00004,0.0004,0.0004,0.0065,0.0061,0.00009,0.002,0,0.000039,4.82,0.85,0.1,0.8,0.51,0.04,0.0008,0.0053
Queijo fundido 40% gordura,Leite e produtos lácteos,326,25.7,13.8,6.6,1,0.9,1.2,0.2,0.2,0,0,3.48,0,22.5,1.3,0.088,0.242,0.112,0.0000001,0.00049,0.00022,0.00032,0.0006,0.0059,0.0053,0.00008,0.00092,0,0.000018,5.53,1.39,0.13,0.75,0.76,0.028,0.0008,0.0032
Requeijão 13% de proteína,Leite e produtos lácteos,187,12.7,6.8,3.3,0.5,0.4,0.6,5.1,5.1,0,0,0.7,0,13,0,0.046,0.139,0.048,0,0.0015,0.00003,0.00028,0.0015,0.0045,0.003,0.00001,0.0008,0,0.000015,3.8,0.28,0.21,0.47,0.3,0.024,0.0003,0.0011
Requeijão 8% de proteína,Leite e produtos lácteos,150,11.3,6.1,2.9,0.4,0.3,0.5,4.1,4.1,0,0,0.9,0,8,0,0.049,0.146,0.051,0,0.0011,0.00002,0.00019,0.0013,0.0032,0.0019,0.00001,0.0006,0,0.000011,3.5,0.36,0.15,0.3,0.19,0.019,0.0001,0.0008
Ovo (de galinha) inteiro cru,Ovos e ovoprodutos,149,10.8,2.7,3.9,2.1,1.9,0,0,0,0,0,0.35,0,13,0,0.408,0.19,0,0.0000017,0.0023,0.00007,0.00044,0.00004,0.0038,0.0038,0.00036,0.001,0,0.00005,0.9,0.14,0.13,0.044,0.18,0.011,0.0021,0.0013
"Ovo (de galinha), clara crua",Ovos e ovoprodutos,47,0.3,0.1,0.1,0,0,0,0,0,0,0,0.48,0,11,0,0,0,0,0,0.00003,0.00004,0.00033,0.00003,0.0032,0.0032,0.00002,0.0001,0,0.000014,1.3,0.19,0.14,0.006,0.013,0.012,0.0001,0.0001
"Ovo (de galinha), gema crua",Ovos e ovoprodutos,342,30.9,8.3,11.7,4.6,3.9,0.1,0,0,0,0,0.12,0,16,0,1.28,0.5,0,0.0000049,0.0046,0.00024,0.00065,0.00001,0.0047,0.0047,0.0008,0.0028,0,0.00013,1.7,0.048,0.09,0.13,0.48,0.011,0.0055,0.003
Abrótea cozida,"Peixe, produtos da pesca",78,0.1,0,0,0.1,0,0,0,0,0,0,0.9,0,19.4,0,0.026,0.001,0,0.0000004,0.00004,0.00003,0.00002,0.00047,0.0041,0.0036,0.00005,0.0004,0,0.000012,2,0.36,0.36,0.013,0.27,0.036,0.0002,0.0006
Abrótea crua,"Peixe, produtos da pesca",70,0.1,0,0,0,0,0,0,0,0,0,0.16,0,17.2,0,0.022,0.001,0,0.0000004,0.00004,0.00003,0.00003,0.00056,0.0038,0.0032,0.00006,0.00044,0,0.000012,1.1,0.063,0.36,0.011,0.23,0.028,0.0002,0.0005
Amêijoa aberta ao natural sem sal,"Peixe, produtos da pesca",131,1.8,0.4,0.2,0.4,0,0,5.2,0,0,5.2,1.22,0,23.4,0,0.088,0.175,0,0.0000002,0.00058,0.00006,0.0003,0.0032,0.0082,0.005,0.00007,0.067,0,0.000016,2,0.49,0.16,0.1,0.36,0.21,0.017,0.0042
Amêijoa crua,"Peixe, produtos da pesca",65,0.9,0.2,0.1,0.2,0,0,2.6,0,0,2.6,0.6,0,11.7,0,0.044,0.097,0,0.0000001,0.00029,0.00004,0.00015,0.0017,0.0042,0.0025,0.00004,0.037,0,0.0000095,1,0.24,0.078,0.051,0.18,0.1,0.0085,0.0021
Amêijoas,"Peixe, produtos da pesca",89,2.5,0.4,1.3,0.4,0.121,0,3.2,0.3,0,2.9,0.65,0.4,12.8,0.5,0.047,0.11,0.034,0.0000001,0.00062,0.00005,0.00017,0.0019,0.00461,0.00272,0.00006,0.04,0.009,0.000012,1.21,0.26,0.13,0.063,0.2,0.11,0.0093,0.0023
"Bacalhau seco e salgado, demolhado cru","Peixe, produtos da pesca",80,0.4,0.1,0.1,0.1,0,0,0,0,0,0,3.7,0,19,0,0.052,0.004,0,0.0000045,0.00028,0.00005,0.00007,0.00076,0.0043,0.0035,0.00007,0.00095,0,0.0000081,3.4,1.48,0.036,0.033,0.12,0.023,0.0002,0.0008
Berbigão cru,"Peixe, produtos da pesca",59,0.7,0.1,0.1,0.3,0,0,2.7,0,0,2.7,0.95,0,10.5,0,0.03,0,0,0,0,0.00005,0.00011,0.0017,0.0039,0.0022,0.00004,0.041,0,0.000018,3.2,0.38,0.062,0.056,0.16,0.058,0.0059,0.0011
Camarão cozido,"Peixe, produtos da pesca",99,0.8,0.2,0.1,0.4,0.1,0,0.4,0,0,0.4,4,0,22.6,0,0.198,0.002,0,0,0.0009,0.00003,0.00001,0.0024,0.0072,0.0048,0.00005,0.0024,0,0.0000098,5,1.6,0.23,0.11,0.19,0.038,0.0023,0.0004
Camarão cru,"Peixe, produtos da pesca",77,0.6,0.1,0.1,0.3,0.1,0,0.3,0,0,0.3,0.48,0,17.6,0,0.154,0,0,0,0.0007,0.00003,0.00001,0.002,0.0058,0.0038,0.00005,0.0021,0,0.000009,1.5,0.19,0.18,0.087,0.15,0.03,0.0018,0.0003
Carapau cru,"Peixe, produtos da pesca",105,2.9,0.7,0.8,0.9,0,0,0,0,0,0,0.2,0,19.7,0,0.036,0.015,0,0.0000041,0.00037,0.00015,0.00015,0.005,0.0087,0.0037,0.00036,0.0057,0,0.000015,1.4,0.08,0.4,0.069,0.26,0.033,0.0012,0.0012
Cavala crua,"Peixe, produtos da pesca",202,13.4,3.6,3.7,4.7,0.2,0.3,0,0,0,0,0.2,0,20.3,0,0.045,0.028,0,0.0000024,0.0013,0.00013,0.00023,0.009,0.013,0.0038,0.001,0.014,0,0.000014,1.4,0.078,0.36,0.039,0.28,0.037,0.0011,0.0022
Cherne cru,"Peixe, produtos da pesca",132,6.7,2,2.2,0.9,0.1,0,0,0,0,0,0.28,0,17.9,0,0.047,0.055,0,0.0000066,0.0026,0.00004,0.00003,0.0018,0.0051,0.0033,0.00024,0.0007,0,0.000006,1.2,0.11,0.29,0.008,0.16,0.027,0.0004,0.0007
Chicharro cru,"Peixe, produtos da pesca",105,2.9,0.7,0.8,0.9,0,0,0,0,0,0,0.2,0,19.7,0,0.036,0.015,0,0.0000041,0.00037,0.00015,0.00015,0.005,0.0087,0.0037,0.00036,0.0057,0,0.000015,1.4,0.08,0.4,0.069,0.26,0.033,0.0012,0.0012
Choco cru,"Peixe, produtos da pesca",79,0.4,0.1,0.1,0.1,0,0,0,0,0,0,0.5,0,18.9,0,0.076,0.009,0,0,0.00094,0.00004,0.00003,0.0011,0.0051,0.004,0.00006,0.0012,0,0.0000088,1.4,0.2,0.32,0.008,0.27,0.049,0.0001,0.0017
Corvina crua,"Peixe, produtos da pesca",94,1.4,0.3,0.5,0.2,0,0,0,0,0,0,0.14,0,20.4,0,0.05,0.001,0,0.000016,0.00045,0.00007,0.00014,0.0027,0.0065,0.0038,0.00029,0.0003,0,0.000012,1.2,0.056,0.43,0.013,0.23,0.031,0.0003,0.0005
Dourada crua,"Peixe, produtos da pesca",167,9.8,2.1,3.6,2.8,0.5,0,0,0,0,0,0.15,0,19.7,0,0.051,0.011,0,0.000012,0.00082,0.0002,0.00008,0.0051,0.0088,0.0037,0.00036,0.0048,0,0.000024,1.4,0.059,0.38,0.015,0.25,0.028,0.0004,0.0008
Espadarte cru,"Peixe, produtos da pesca",97,2.9,0.7,1.2,0.5,0,0,0,0,0,0,0.18,0,17.8,0,0.045,0,0,0.0000013,0.00009,0.00011,0.00004,0.0041,0.0074,0.0033,0.00047,0.0014,0,0.000014,1.3,0.072,0.39,0.005,0.26,0.03,0.0006,0.0009
Garoupa crua,"Peixe, produtos da pesca",95,1.4,0.3,0.3,0.4,0,0,0,0,0,0,0.32,0,20.5,0,0.037,0.05,0,0.000007,0.0026,0.00003,0.00005,0.0011,0.0049,0.0038,0.0003,0.001,0,0.000006,1.4,0.13,0.3,0.018,0.16,0.031,0.0006,0.0005
Goraz cru,"Peixe, produtos da pesca",100,2.7,0.7,0.8,0.8,0,0,0,0,0,0,0.25,0,18.8,0,0.036,0.019,0,0.000015,0.0007,0.00005,0.00007,0.0026,0.0061,0.0035,0.00041,0.001,0,0.000015,1.5,0.1,0.37,0.007,0.26,0.032,0.0004,0.0007
Imperador cru,"Peixe, produtos da pesca",80,0.4,0.1,0.1,0.1,0,0,0,0,0,0,0.18,0,19,0,0.032,0.01,0,0.0000027,0.00062,0.0001,0.00002,0.0039,0.0074,0.0035,0.00012,0.00036,0,0.000011,1.1,0.072,0.32,0.014,0.21,0.032,0.0002,0.0004
Lagostim cru,"Peixe, produtos da pesca",89,0.5,0.1,0.1,0.2,0,0,0.2,0,0,0.2,0.8,0,20.9,0,0.068,0,0,0,0.0009,0.00009,0.00004,0.002,0.0059,0.0039,0.00008,0.001,0,0.000011,2.1,0.32,0.19,0.037,0.2,0.042,0.001,0.0015
Linguado cru,"Peixe, produtos da pesca",82,0.2,0,0,0.1,0,0,0,0,0,0,0.22,0,20.1,0,0.044,0.004,0,0.0000094,0.00032,0.00009,0.00013,0.0028,0.0066,0.0038,0.00033,0.00094,0,0.00001,1.4,0.088,0.39,0.021,0.22,0.033,0.0003,0.0006
Lula crua,"Peixe, produtos da pesca",71,0.9,0.2,0.1,0.4,0,0,0,0,0,0,0.5,0,15.8,0,0.14,0.01,0,0.0000035,0.0012,0.00007,0.00002,0.001,0.0044,0.0034,0.00005,0.0011,0,0.0000071,1.3,0.2,0.22,0.018,0.26,0.049,0.0003,0.001
Maruca crua,"Peixe, produtos da pesca",70,0.1,0,0,0.1,0,0,0,0,0,0,0.3,0,17.2,0,0.028,0.009,0,0.0000004,0.00013,0.00004,0.00002,0.00067,0.0039,0.0032,0.00007,0.00048,0,0.0000068,1,0.12,0.26,0.025,0.18,0.025,0.0002,0.0007
Mexilhão cru,"Peixe, produtos da pesca",70,1.5,0.3,0.3,0.5,0,0,2,0,0,2,0.72,0,12.1,0,0.04,0.36,0,0,0.00074,0.0001,0.00014,0.0012,0.0038,0.0026,0.00008,0.019,0,0.000037,2.1,0.29,0.28,0.056,0.24,0.036,0.0035,0.0041
"Ostra, crua","Peixe, produtos da pesca",65,1.7,0.3,0.3,0.5,0,0,3.9,0,0,3.9,0.92,0,8.6,0,0.053,0.085,0,0,0.00085,0.00015,0.00019,0.0019,0.0037,0.0018,0.00013,0.014,0,0.000011,2.7,0.37,0.26,0.066,0.14,0.036,0.008,0.091
Pargo legítimo cru,"Peixe, produtos da pesca",79,0.2,0,0,0.1,0,0,0,0,0,0,0.16,0,19.4,0,0.038,0.006,0,0.000009,0.00045,0.00025,0.00002,0.0048,0.0084,0.0036,0.0005,0.0021,0,0.00001,1.3,0.065,0.45,0.007,0.26,0.036,0.0007,0.0007
Pargo mulato cru,"Peixe, produtos da pesca",80,0.7,0.1,0.1,0.2,0,0,0,0,0,0,0.2,0,18.5,0,0.034,0.006,0,0.0000009,0.0019,0.00013,0.00006,0.0016,0.0051,0.0035,0.00022,0.0013,0,0.000007,1.1,0.081,0.32,0.012,0.18,0.028,0.0005,0.0008
Peixe-espada-branco cru,"Peixe, produtos da pesca",117,4,1,1.7,0.8,0,0,0,0,0,0,0.19,0,20.3,0,0.038,0.017,0,0.0000011,0.0012,0.00005,0.00006,0.0036,0.0074,0.0038,0.00019,0.0022,0,0.00003,1.3,0.077,0.25,0.016,0.18,0.026,0.0004,0.0006
Peixe-espada-preto cru,"Peixe, produtos da pesca",88,2.8,0.5,1.6,0.2,0,0,0,0,0,0,0.35,0,15.7,0,0.024,0.023,0,0.0000021,0.0011,0.00001,0.00004,0.0018,0.0047,0.0029,0.00016,0.0017,0,0.0000083,1.2,0.14,0.33,0.014,0.18,0.029,0.0001,0.0005
Pescada crua (valor médio),"Peixe, produtos da pesca",83,1.4,0.2,0.4,0.4,0,0,0,0,0,0,0.25,0,17.6,0,0.019,0.01,0,0.0000014,0.0005,0.00007,0.00004,0.0011,0.0044,0.0033,0.00006,0.00072,0,0.000018,1.3,0.1,0.36,0.031,0.19,0.031,0.0003,0.0006
Pescada da África do Sul crua,"Peixe, produtos da pesca",80,1.3,0.2,0.4,0.4,0,0,0,0,0,0,0.3,0,17.2,0,0.019,0.007,0,0.0000011,0.0004,0.00005,0.00004,0.00086,0.0041,0.0032,0.00004,0.0006,0,0.000013,1.3,0.12,0.33,0.02,0.18,0.037,0.0003,0.0006
Pescada do Chile crua,"Peixe, produtos da pesca",86,1.5,0.3,0.4,0.4,0,0,0,0,0,0,0.21,0,18,0,0.019,0.005,0,0.0000013,0.00069,0.0001,0.00005,0.0013,0.0047,0.0034,0.00009,0.00084,0,0.000022,1.3,0.085,0.38,0.043,0.2,0.026,0.0003,0.0005
Pescada europeia crua,"Peixe, produtos da pesca",75,0.8,0.1,0.1,0.3,0.1,0,0,0,0,0,0.17,0,17,0,0.019,0.003,0,0.0000056,0.00024,0.00002,0.00004,0.0012,0.0044,0.0032,0.00004,0.00063,0,0.000027,1.1,0.069,0.41,0.015,0.22,0.026,0.0005,0.0007
Polvo cozido sem sal,"Peixe, produtos da pesca",102,1.3,0.3,0.1,0.6,0,0,0,0,0,0,0.45,0,22.7,0,0.105,0.007,0,0,0.0021,0.00001,0.00004,0.0025,0.0076,0.0051,0.00005,0.0017,0,0.000013,1.2,0.18,0.16,0.026,0.18,0.049,0.0005,0.0024
Polvo cru,"Peixe, produtos da pesca",73,1.2,0.3,0.1,0.6,0,0,0,0,0,0,0.65,0,15.6,0,0.064,0.003,0,0,0.00073,0.00002,0.00004,0.0013,0.0046,0.0033,0.00007,0.0013,0,0.000012,0.9,0.26,0.24,0.013,0.16,0.043,0.0007,0.0013
Raia crua,"Peixe, produtos da pesca",58,0.2,0,0,0.1,0,0,0,0,0,0,0.55,0,14.1,0,0.039,0.002,0,0.0000004,0.00024,0.00003,0.00003,0.0017,0.0043,0.0026,0.00019,0.00047,0,0.000012,1.9,0.22,0.26,0.16,0.32,0.028,0.0003,0.0008
Redfish cru,"Peixe, produtos da pesca",100,2.9,0.5,0.9,0.5,0.4,0,0,0,0,0,0.2,0,18.6,0,0.042,0.02,0,0.0000023,0.0012,0.00013,0.00009,0.0028,0.0063,0.0035,0.00018,0.0023,0,0.000006,1.2,0.078,0.3,0.015,0.2,0.029,0.0006,0.0006
Robalo cru,"Peixe, produtos da pesca",145,7.9,1.8,2,1.7,0.4,0,0,0,0,0,0.24,0,18.5,0,0.052,0.036,0,0.000005,0.00017,0.00026,0.00008,0.0027,0.0062,0.0035,0.00049,0.0013,0,0.0000095,1.7,0.095,0.35,0.052,0.23,0.038,0.0004,0.0012
Safio,"Peixe, produtos da pesca",88,3.2,0.6,2.2,0.4,0.208,0,7.5,1.9,0.2,5.3,0.78,1.3,5.5,0,0.011,0.116,0.323,0.000021,0.00115,0.00014,0.00003,0.0011,0.00213,0.00103,0.00035,0.00007,0.0241,0.000032,1.57,0.31,0.38,0.056,0.082,0.021,0.0007,0.0005
Safio cru,"Peixe, produtos da pesca",109,4.2,1.2,2.1,0.8,0,0,0,0,0,0,0.21,0,17.7,0,0.049,0.267,0,0.000091,0.0015,0.00004,0.00005,0.0015,0.0048,0.0033,0.00055,0.0003,0,0.000013,1,0.084,0.34,0.13,0.22,0.028,0.0002,0.0011
Salmão cru,"Peixe, produtos da pesca",262,21.9,4.2,10,5.1,0.7,0,0,0,0,0,0.095,0,16.2,0,0.04,0.033,0,0.000011,0.004,0.00018,0.00004,0.0036,0.0066,0.003,0.00045,0.0019,0,0.00001,1.3,0.038,0.3,0.012,0.21,0.023,0.0005,0.0005
Sarda crua,"Peixe, produtos da pesca",181,11.7,3.1,3.8,3.5,0.2,0.3,0,0,0,0,0.19,0,19,0,0.045,0.064,0,0.0000093,0.0015,0.00011,0.00019,0.0058,0.0093,0.0035,0.00043,0.0084,0,0.000015,1.3,0.076,0.37,0.056,0.27,0.03,0.0001,0.0027
Sardinha gorda crua,"Peixe, produtos da pesca",221,16.4,4.7,4,5.6,0.5,0.5,0,0,0,0,0.16,0,18.4,0,0.02,0.047,0,0.000021,0.00066,0.00001,0.00008,0.0044,0.0078,0.0034,0.00057,0.01,0,0.000015,1.7,0.065,0.37,0.072,0.31,0.031,0.001,0.0016
Sardinha meio gorda crua,"Peixe, produtos da pesca",158,9.1,2.5,2.2,3.3,0.2,0.3,0,0,0,0,0.16,0,18.9,0,0.028,0.012,0,0.000017,0.00025,0.00001,0.00014,0.0062,0.0097,0.0035,0.00041,0.01,0,0.000024,1.6,0.065,0.4,0.07,0.3,0.029,0.0017,0.0017
Solha crua,"Peixe, produtos da pesca",90,1.6,0.3,0.4,0.4,0,0,0,0,0,0,0.28,0,19,0,0.085,0,0,0.00001,0.00035,0.00012,0.00005,0.00051,0.004,0.0035,0.00013,0.0015,0,0.0000085,1,0.11,0.23,0.054,0.17,0.029,0.0004,0.0006
Tamboril cru,"Peixe, produtos da pesca",73,0.2,0,0,0.1,0,0,0,0,0,0,0.22,0,17.9,0,0.042,0.024,0,0,0.00023,0.00004,0.00002,0.002,0.0053,0.0033,0.00005,0.00026,0,0.0000073,1.1,0.086,0.33,0.007,0.21,0.027,0.0002,0.0005
Truta arco-íris crua,"Peixe, produtos da pesca",92,2.3,0.5,0.5,0.9,0.2,0,0,0,0,0,0.1,0,17.8,0,0.038,0.009,0,0.000019,0.00013,0.00009,0.00004,0.004,0.0073,0.0033,0.00028,0.0019,0,0.0000082,1.3,0.041,0.4,0.02,0.24,0.024,0.0002,0.0006
Abóbora crua,Produtos hortícolas,11,0.2,0.1,0,0,0,0,1.7,1.4,0,0.3,0.0025,0.7,0.3,0,0,0.16,0.962,0,0.001,0.00001,0.00001,0.0006,0.0006,0,0.00004,0,0.012,0.000008,0.4,0.001,0.2,0.025,0.005,0.005,0.0001,0.0001
Agrião cru,Produtos hortícolas,29,0.9,0.3,0.1,0.4,0.1,0,0.4,0.4,0,0,0.12,3,3.4,0,0,0.325,1.95,0,0.0015,0.00009,0.00007,0.0006,0.0011,0.0005,0.00023,0,0.077,0.0002,1.15,0.049,0.23,0.2,0.056,0.015,0.0017,0.0002
Aipo cru,Produtos hortícolas,15,0.1,0,0,0.1,0.1,0,1.5,1.5,0,0,0.25,2,1.1,0,0,0,0,0,0.0002,0.00005,0.00004,0.0003,0.0004,0.0001,0.00007,0,0.008,0.000016,0.94,0.1,0.3,0.055,0.032,0.013,0.0006,0.0001
Alcachofra crua,Produtos hortícolas,51,0.2,0,0,0.1,0.1,0,6.8,2.7,0,4.1,0.21,5,3,0,0,0.02,0.12,0,0.0002,0.00008,0.00003,0.0008,0.0013,0.0005,0.0001,0,0.009,0.000074,0.85,0.084,0.35,0.04,0.09,0.049,0.001,0.0005
Alface crua,Produtos hortícolas,15,0.2,0,0,0.1,0,0,0.8,0.8,0,0,0.0075,1.3,1.8,0,0,0.115,0.688,0,0.0006,0.00006,0.00002,0.0004,0.0005,0.0001,0.00004,0,0.004,0.000055,0.65,0.003,0.31,0.07,0.046,0.022,0.0015,0.0004
Alho francês cru,Produtos hortícolas,26,0.3,0.1,0,0.2,0.1,0,2.9,2.2,0.4,0.3,0.01,2.4,1.8,0,0,0.124,0.745,0,0.00067,0.00029,0.00005,0.0004,0.0006,0.0002,0.00048,0,0.02,0.000087,0.86,0.004,0.24,0.024,0.044,0.011,0.001,0.0002
Beringela crua,Produtos hortícolas,21,0.2,0,0,0.1,0,0,2.4,2.2,0,0.2,0.0075,2.5,1.1,0.2,0,0.009,0.051,0,0.00003,0.00005,0.00003,0.0005,0.0007,0.0002,0.00008,0,0.004,0.00002,0.6,0.003,0.23,0.017,0.026,0.012,0.0004,0.0002
Beterraba crua,Produtos hortícolas,23,0,0,0,0,0,0,3.5,3.5,0,0,0.18,2.6,1,0,0,0.003,0.016,0,0,0.00004,0.00002,0.0002,0.0004,0.0002,0.00004,0,0.015,0.00011,0.59,0.07,0.34,0.017,0.025,0.019,0.0008,0.0004
Brócolos crus,Produtos hortícolas,32,0.8,0.1,0,0.4,0.1,0,1.5,1.2,0.2,0.1,0.02,2.6,3.4,0,0,0.178,1.07,0,0.001,0.0001,0.00006,0.001,0.0016,0.0006,0.00014,0,0.041,0.00009,0.97,0.008,0.37,0.067,0.05,0.022,0.0013,0.0006
Cebola crua,Produtos hortícolas,20,0.2,0,0,0.2,0.1,0,3.1,2.2,0.9,0,0.025,1.3,0.9,0,0,0,0,0,0.0003,0.00013,0.00001,0.0006,0.0007,0.0001,0.0002,0,0.008,0.000017,0.7,0.01,0.21,0.031,0.03,0.012,0.0005,0.0003
Cenoura crua,Produtos hortícolas,25,0,0,0,0,0,0,4.4,4.1,0.1,0.2,0.14,2.6,0.6,0,0,0.933,5.6,0,0.0005,0.00005,0.00002,0.0009,0.001,0.0001,0.00007,0,0.003,0.000028,0.6,0.058,0.31,0.041,0.033,0.007,0.0007,0.0001
Chicória crua,Produtos hortícolas,14,0.1,0,0,0.1,0,0,0.9,0.9,0,0,0.01,2.6,1,0,0,0.02,0.12,0,0,0.00006,0.00009,0.0003,0.0004,0.0001,0.00005,0,0.002,0.000014,0.37,0.004,0.17,0.03,0.023,0.006,0.0003,0.0001
Cogumelos crus,Produtos hortícolas,18,0.5,0.1,0,0.2,0.2,0,0.5,0.3,0,0.2,0.012,2.3,1.8,0,0,0,0,0,0.0001,0.00009,0.00031,0.0032,0.0035,0.0003,0.00018,0,0.001,0.000044,0.9,0.005,0.32,0.006,0.08,0.009,0.0006,0.0004
Courgette crua,Produtos hortícolas,19,0.3,0.1,0,0.1,0.1,0,2,1.9,0,0.1,0.0075,1,1.6,0,0,0.055,0.332,0,0,0.00011,0.00004,0.0004,0.0007,0.0003,0.00012,0,0.017,0.000041,0.6,0.003,0.25,0.022,0.033,0.02,0.0008,0.0003
Couve branca crua,Produtos hortícolas,28,0.4,0.1,0,0.2,0.1,0,3.5,3.4,0,0.1,0.018,2.4,1.4,0,0,0.007,0.04,0,0.0002,0.00012,0.00001,0.0003,0.0006,0.0003,0.00018,0,0.04,0.000034,0.5,0.007,0.24,0.05,0.038,0.006,0.0006,0.0002
Couve de Bruxelas crua,Produtos hortícolas,50,1.4,0.3,0.1,0.7,0.2,0,4,3.1,0.2,0.7,0.015,3.8,3.5,0,0,0.036,0.215,0,0.001,0.00015,0.00011,0.0002,0.0009,0.0007,0.00037,0,0.115,0.00014,1.4,0.006,0.45,0.026,0.077,0.008,0.0007,0.0005
Couve galega crua,Produtos hortícolas,32,0.4,0.1,0,0.3,0.3,0,3.1,2.7,0,0.4,0.052,3.1,2.4,0,0,0.414,2.49,0,0.0002,0.00021,0.00011,0.0015,0.002,0.0005,0.00015,0,0.148,0.000078,2.2,0.021,0.18,0.29,0.04,0.018,0.001,0.0005
Couve lombarda crua,Produtos hortícolas,26,0.2,0,0,0.1,0.1,0,2.1,2,0,0.1,0.022,3.1,2.4,0,0,0.166,0.995,0,0.0002,0.00015,0.00003,0.0007,0.0011,0.0004,0.00015,0,0.067,0.00015,1.04,0.009,0.25,0.051,0.064,0.012,0.0005,0.0003
Couve portuguesa crua,Produtos hortícolas,31,0.4,0,0,0.3,0.2,0,3.5,3.4,0,0.1,0.038,2.4,2.2,0,0,0.233,1.4,0,0.0002,0.00012,0.00006,0.0007,0.0011,0.0004,0.00013,0,0.09,0.000078,0.8,0.015,0.27,0.076,0.065,0.028,0.001,0.0004
Couve roxa crua,Produtos hortícolas,30,0,0,0,0,0,0,3.9,3.3,0.5,0.1,0.028,3.3,2,0,0,0.003,0.015,0,0.0002,0.00002,0.00001,0.0004,0.0007,0.0003,0.00009,0,0.057,0.000039,0.48,0.011,0.25,0.06,0.028,0.009,0.0005,0.0001
Couve-flor crua,Produtos hortícolas,34,0.2,0,0,0.1,0,0,3.3,2.8,0.1,0.4,0.035,1.9,3.7,0,0,0.005,0.03,0,0.00022,0.00017,0.00007,0.0006,0.0015,0.0009,0.00028,0,0.073,0.000066,0.95,0.014,0.38,0.021,0.034,0.022,0.0005,0.0007
Espargos crus,Produtos hortícolas,22,0,0,0,0,0,0,2.7,2.6,0,0.1,0.005,1.5,2.1,0,0,0.067,0.4,0,0.0012,0.00016,0.00007,0.001,0.0014,0.0004,0.00009,0,0.01,0.00018,0.8,0.002,0.26,0.023,0.068,0.015,0.0007,0.0006
Espinafres crus,Produtos hortícolas,27,0.9,0.1,0,0.4,0.1,0,0.8,0.7,0,0.1,0.42,2.6,2.6,0,0,0.55,3.3,0,0.0017,0.00007,0.00018,0.0004,0.0011,0.0007,0.00017,0,0.035,0.00015,1.3,0.17,0.47,0.1,0.045,0.054,0.0024,0.0009
Grelos de couve crus,Produtos hortícolas,28,0.4,0.1,0,0.3,0.3,0,2.5,2.1,0.2,0.2,0.048,2.6,2.4,0,0,0.18,1.08,0,0.0013,0.00007,0.00009,0.0007,0.0011,0.0004,0.00014,0,0.079,0.00009,1.04,0.019,0.23,0.15,0.051,0.02,0.0006,0.0007
Grelos de nabo crus,Produtos hortícolas,28,0.5,0.1,0,0.3,0.3,0,2.3,1.9,0.2,0.2,0.048,2.6,2.4,0,0,0.204,1.23,0,0.0013,0.0001,0.00007,0.001,0.0014,0.0004,0.00014,0,0.084,0.00009,0.81,0.019,0.23,0.13,0.043,0.02,0.0005,0.0004
Nabo cru,Produtos hortícolas,21,0.4,0,0,0.2,0,0,3,2.9,0,0.1,0.05,2,0.4,0,0,0.003,0.02,0,0,0.00005,0.00002,0.0009,0.001,0.0001,0.00008,0,0.018,0.000014,0.7,0.02,0.24,0.012,0.007,0.01,0.0002,0.0001
Pepino cru,Produtos hortícolas,19,0.6,0.2,0,0.2,0.1,0,1.7,1.6,0,0.1,0.0075,0.7,1.4,0,0,0.006,0.035,0,0.00007,0.00002,0.00001,0.0006,0.0007,0.0001,0.00005,0,0.003,0.000009,0.3,0.003,0.14,0.01,0.018,0.008,0.0005,0.0001
Pimento cru,Produtos hortícolas,27,0.6,0.1,0,0.3,0.3,0,2.7,2.5,0.1,0.1,0.01,2,1.6,0,0,0.217,1.3,0,0.0008,0.00002,0.00001,0.0006,0.0008,0.0002,0.00031,0,0.09,0.000028,0.4,0.004,0.12,0.009,0.024,0.01,0.0006,0.0002
Tomate cru,Produtos hortícolas,22,0.3,0,0.1,0.2,0.2,0,3.5,3.5,0,0,0.032,1.3,0.8,0,0,0.085,0.51,0,0.0012,0.00005,0.00003,0.0006,0.0007,0.0001,0.00014,0,0.02,0.000017,0.54,0.013,0.25,0.011,0.017,0.011,0.0007,0.0001
